<?xml version="1.0"?>
<COLLADA xmlns="http://www.collada.org/2005/11/COLLADASchema" version="1.4.1">
  <asset>
    <contributor>
      <author>Assimp</author>
      <authoring_tool>Assimp Exporter</authoring_tool>
    </contributor>
    <created>2016-06-25T06:44:13</created>
    <modified>2016-06-25T06:44:13</modified>
    <unit name="meter" meter="1" />
    <up_axis>Y_UP</up_axis>
  </asset>
  <library_effects>
    <effect id="01___Default-fx" name="01___Default">
      <profile_COMMON>
        <technique sid="standard">
          <phong>
            <diffuse>
              <color sid="diffuse">0.588235   0.588235   0.588235   1</color>
            </diffuse>
          </phong>
        </technique>
      </profile_COMMON>
    </effect>
  </library_effects>
  <library_materials>
    <material id="01___Default" name="01___Default">
      <instance_effect url="#01___Default-fx"/>
    </material>
  </library_materials>
  <library_geometries>
    <geometry id="meshId0" name="meshId0_name" >
      <mesh>
        <source id="meshId0-positions" name="meshId0-positions">
          <float_array id="meshId0-positions-array" count="3183"> -0.438055 0.984119 -0.0159047 -0.436089 0.979211 -0.0217556 -0.436089 0.976255 -0.0169022 -0.436089 0.985042 -0.0231818 -0.436089 0.990333 -0.0203449 -0.436089 0.991983 -0.0149074 -0.436089 0.989028 -0.0100525 -0.436089 0.983197 -0.00862753 -0.436089 0.977906 -0.0114632 -0.436089 0.983197 -0.00862753 -0.430719 0.975618 -0.0260394 -0.430719 0.970498 -0.0176325 -0.430719 0.985718 -0.0285088 -0.430719 0.994882 -0.0235962 -0.430719 0.99774 -0.0141773 -0.430719 0.992621 -0.00577012 -0.430719 0.982521 -0.00329956 -0.430719 0.973357 -0.00821332 -0.430719 0.982521 -0.00329956 -0.423384 0.974303 -0.0276072 -0.423383 0.968391 -0.0178997 -0.423384 0.985965 -0.0304591 -0.423384 0.996546 -0.0247859 -0.423384 0.999848 -0.0139098 -0.423384 0.993936 -0.00420217 -0.423384 0.982273 -0.00134898 -0.423383 0.971692 -0.00702339 -0.423384 0.982273 -0.00134898 -0.423384 0.974303 -0.0276072 -0.351381 0.974303 -0.0276072 -0.351381 0.968391 -0.0178997 -0.423383 0.968391 -0.0178997 -0.423384 0.985965 -0.0304591 -0.351381 0.985965 -0.0304591 -0.423384 0.996546 -0.0247859 -0.351381 0.996546 -0.0247859 -0.423384 0.999848 -0.0139098 -0.351381 0.999848 -0.0139098 -0.423384 0.993936 -0.00420217 -0.351381 0.993936 -0.00420217 -0.423384 0.982273 -0.00134898 -0.351381 0.982273 -0.00134898 -0.351381 0.971692 -0.00702339 -0.351381 0.982273 -0.00134898 -0.461083 0.986301 -0.0417394 -0.469344 0.987297 -0.0495886 -0.469344 0.978185 -0.0504492 -0.461083 0.97719 -0.0426 -0.313049 0.986301 -0.0417394 -0.313049 0.97719 -0.0426 -0.300677 0.978185 -0.0504492 -0.300677 0.987297 -0.0495886 -0.416438 0.97719 -0.0426 -0.416438 0.986301 -0.0417394 -0.461083 0.986301 -0.0417394 -0.461083 0.97719 -0.0426 -0.357694 0.986301 -0.0417394 -0.357694 0.97719 -0.0426 -0.313049 0.97719 -0.0426 -0.313049 0.986301 -0.0417394 -0.461083 0.981172 -0.0739945 -0.461083 0.990283 -0.0731345 -0.313049 0.990283 -0.0731345 -0.313049 0.981172 -0.0739945 -0.469344 0.989287 -0.0652861 -0.300677 0.989287 -0.0652861 -0.313049 0.990283 -0.0731345 -0.461083 0.990283 -0.0731345 -0.471358 0.988292 -0.0574372 -0.469344 0.989287 -0.0652861 -0.469344 0.980176 -0.0661459 -0.471358 0.979181 -0.0582971 -0.300677 0.980176 -0.0661459 -0.300677 0.989287 -0.0652861 -0.298907 0.988292 -0.057437 -0.298907 0.979181 -0.0582971 -0.471358 0.988292 -0.0574372 -0.469344 0.987297 -0.0495886 -0.300677 0.987297 -0.0495886 -0.298907 0.988292 -0.057437 -0.461083 0.990283 -0.0731345 -0.461083 0.981172 -0.0739945 -0.313049 0.981172 -0.0739945 -0.313049 0.990283 -0.0731345 -0.461083 0.986301 -0.0417394 -0.416438 0.986301 -0.0417394 -0.357694 0.986301 -0.0417394 -0.313049 0.986301 -0.0417394 -0.416156 0.975434 -0.027647 -0.416156 0.984962 -0.0307706 -0.416156 0.986344 -0.0416684 -0.416156 0.97732 -0.0425204 -0.357975 0.975434 -0.027647 -0.416156 0.975434 -0.027647 -0.416156 0.97732 -0.0425204 -0.357975 0.97732 -0.0425204 -0.357975 0.984962 -0.0307706 -0.357975 0.975434 -0.027647 -0.357975 0.97732 -0.0425204 -0.357975 0.986344 -0.0416684 -0.416156 0.984962 -0.0307706 -0.357975 0.984962 -0.0307706 -0.357975 0.986344 -0.0416684 -0.416156 0.986344 -0.0416684 0.261384 0.984119 -0.0159037 0.263368 0.979164 -0.0218123 0.263368 0.976179 -0.0169106 0.263368 0.985051 -0.0232524 0.263368 0.990393 -0.0203879 0.263368 0.992059 -0.0148965 0.263368 0.989075 -0.00999601 0.263368 0.983187 -0.00855595 0.263368 0.977846 -0.0114202 0.263368 0.983187 -0.00855595 0.26879 0.975536 -0.0261363 0.26879 0.970366 -0.0176477 0.26879 0.985733 -0.0286306 0.26879 0.994986 -0.0236694 0.26879 0.997872 -0.0141592 0.26879 0.992703 -0.00567199 0.26879 0.982505 -0.00317752 0.26879 0.973253 -0.00813893 0.26879 0.982505 -0.00317752 0.276197 0.974208 -0.0277194 0.276198 0.968239 -0.0179176 0.276197 0.985983 -0.0306001 0.276197 0.996666 -0.0248708 0.276198 1 -0.0138893 0.276198 0.994031 -0.00408897 0.276198 0.982255 -0.00120823 0.276198 0.971572 -0.00693753 0.276198 0.982255 -0.00120823 0.276197 0.974208 -0.0277194 0.348896 0.974208 -0.0277192 0.348896 0.968239 -0.0179174 0.348896 0.968239 -0.0179174 0.276198 0.968239 -0.0179176 0.276197 0.974208 -0.0277194 0.276197 0.985983 -0.0306001 0.348896 0.985983 -0.0305999 0.348896 0.974208 -0.0277192 0.276197 0.974208 -0.0277194 0.276197 0.996666 -0.0248708 0.348896 0.996666 -0.0248706 0.348896 0.985983 -0.0305999 0.276197 0.985983 -0.0306001 0.276198 1 -0.0138893 0.348896 1 -0.0138891 0.348896 0.996666 -0.0248706 0.348896 0.996666 -0.0248706 0.276197 0.996666 -0.0248708 0.276198 1 -0.0138893 0.276198 0.994031 -0.00408897 0.348896 0.994031 -0.00408877 0.348896 1 -0.0138891 0.276198 1 -0.0138893 0.276198 0.982255 -0.00120823 0.348896 0.982255 -0.00120803 0.348896 0.994031 -0.00408877 0.276198 0.994031 -0.00408897 0.276198 0.971572 -0.00693753 0.348896 0.971572 -0.00693733 0.348896 0.982255 -0.00120803 0.348896 0.982255 -0.00120803 0.276198 0.982255 -0.00120823 0.276198 0.971572 -0.00693753 0.276198 0.968239 -0.0179176 0.348896 0.968239 -0.0179174 0.348896 0.971572 -0.00693733 0.276198 0.971572 -0.00693753 0.23853 0.986301 -0.0417402 0.230268 0.987297 -0.0495886 0.230268 0.978185 -0.0504484 0.230268 0.978185 -0.0504484 0.23853 0.97719 -0.0426 0.23853 0.986301 -0.0417402 0.386564 0.986301 -0.04174 0.386564 0.97719 -0.0425998 0.398935 0.978185 -0.0504482 0.398935 0.987297 -0.0495884 0.283175 0.97719 -0.0426 0.283175 0.986301 -0.0417402 0.23853 0.986301 -0.0417402 0.23853 0.97719 -0.0426 0.341919 0.986301 -0.04174 0.341919 0.97719 -0.0425998 0.386564 0.97719 -0.0425998 0.386564 0.986301 -0.04174 0.23853 0.981172 -0.0739945 0.23853 0.990283 -0.0731345 0.386563 0.990283 -0.0731343 0.386563 0.990283 -0.0731343 0.386564 0.981172 -0.0739943 0.23853 0.981172 -0.0739945 0.230268 0.989287 -0.0652853 0.398935 0.989287 -0.0652851 0.386563 0.990283 -0.0731343 0.386563 0.990283 -0.0731343 0.23853 0.990283 -0.0731345 0.230268 0.989287 -0.0652853 0.228255 0.988292 -0.057437 0.230268 0.989287 -0.0652853 0.230268 0.980176 -0.0661459 0.230268 0.980176 -0.0661459 0.228255 0.979181 -0.0582979 0.228255 0.988292 -0.057437 0.398935 0.980176 -0.0661457 0.398935 0.989287 -0.0652851 0.400706 0.988292 -0.0574368 0.400706 0.988292 -0.0574368 0.400706 0.979181 -0.0582977 0.398935 0.980176 -0.0661457 0.228255 0.988292 -0.057437 0.230268 0.987297 -0.0495886 0.398935 0.987297 -0.0495884 0.400706 0.988292 -0.0574368 0.230268 0.987297 -0.0495886 0.228255 0.988292 -0.057437 0.228255 0.979181 -0.0582979 0.228255 0.979181 -0.0582979 0.230268 0.978185 -0.0504484 0.230268 0.987297 -0.0495886 0.400706 0.979181 -0.0582977 0.400706 0.988292 -0.0574368 0.398935 0.987297 -0.0495884 0.398935 0.987297 -0.0495884 0.398935 0.978185 -0.0504482 0.400706 0.979181 -0.0582977 0.230268 0.989287 -0.0652853 0.23853 0.990283 -0.0731345 0.23853 0.981172 -0.0739945 0.23853 0.981172 -0.0739945 0.230268 0.980176 -0.0661459 0.230268 0.989287 -0.0652853 0.386564 0.981172 -0.0739943 0.386563 0.990283 -0.0731343 0.398935 0.989287 -0.0652851 0.398935 0.989287 -0.0652851 0.398935 0.980176 -0.0661457 0.386564 0.981172 -0.0739943 0.23853 0.986301 -0.0417402 0.283175 0.986301 -0.0417402 0.341919 0.986301 -0.04174 0.341919 0.986301 -0.04174 0.386564 0.986301 -0.04174 0.398935 0.987297 -0.0495884 0.283175 0.975379 -0.0275696 0.283175 0.984999 -0.0307234 0.283175 0.986394 -0.0417267 0.283175 0.977284 -0.0425869 0.341919 0.975379 -0.0275694 0.283175 0.975379 -0.0275696 0.283175 0.977284 -0.0425869 0.283175 0.977284 -0.0425869 0.341919 0.977284 -0.0425867 0.341919 0.975379 -0.0275694 0.341919 0.984999 -0.0307232 0.341919 0.975379 -0.0275694 0.341919 0.977284 -0.0425867 0.341919 0.977284 -0.0425867 0.341919 0.986394 -0.0417265 0.341919 0.984999 -0.0307232 0.283175 0.984999 -0.0307234 0.341919 0.984999 -0.0307232 0.341919 0.986394 -0.0417265 0.283175 0.986394 -0.0417267 -0.707567 -1 -0.283055 -0.707567 -0.994274 -0.328197 0.70594 -0.994274 -0.328197 0.70594 -1 -0.283055 -0.707567 0.97662 -0.0323552 0.70594 0.97662 -0.0323554 0.70594 0.982346 -0.0774978 -0.707567 0.982346 -0.0774978 -0.707567 -1 -0.283055 0.70594 -1 -0.283055 0.70594 0.97662 -0.0323554 -0.707567 0.97662 -0.0323552 0.70594 -1 -0.283055 0.70594 -0.994274 -0.328197 0.70594 0.982346 -0.0774978 0.70594 0.97662 -0.0323554 0.70594 -0.994274 -0.328197 -0.707567 -0.994274 -0.328197 -0.707567 0.982346 -0.0774978 0.70594 0.982346 -0.0774978 -0.707567 -0.994274 -0.328197 -0.707567 -1 -0.283055 -0.707567 0.97662 -0.0323552 -0.707567 0.982346 -0.0774978 -0.269007 0.985135 -0.0162955 -0.270973 0.980751 -0.0100398 -0.270973 0.977865 -0.0153033 -0.270973 0.986207 -0.00844114 -0.270973 0.991031 -0.0114427 -0.270973 0.992403 -0.0172872 -0.270973 0.989515 -0.0225504 -0.270973 0.984063 -0.0241504 -0.270973 0.979235 -0.0211476 -0.270973 0.977865 -0.0153033 -0.276343 0.977544 -0.00546027 -0.276343 0.972544 -0.0145772 -0.276343 0.986992 -0.00269133 -0.276343 0.995349 -0.0078902 -0.276343 0.997723 -0.0180133 -0.276343 0.992723 -0.02713 -0.276343 0.983279 -0.0299 -0.276343 0.974918 -0.0247001 -0.276343 0.972544 -0.0145772 -0.283679 0.976372 -0.00378455 -0.283679 0.970596 -0.0143112 -0.283679 0.987279 -0.000586723 -0.283679 0.996929 -0.00659008 -0.283679 0.99967 -0.0182791 -0.283679 0.993896 -0.0288055 -0.283679 0.982991 -0.0320044 -0.283679 0.973339 -0.0260002 -0.283679 0.970596 -0.0143112 -0.283679 0.976372 -0.00378455 -0.355681 0.976371 -0.00378455 -0.355681 0.970596 -0.0143112 -0.283679 0.970596 -0.0143112 -0.283679 0.987279 -0.000586723 -0.355681 0.987279 -0.000586723 -0.355681 0.996929 -0.00659008 -0.355681 0.99967 -0.0182791 -0.355681 0.993896 -0.0288055 -0.283679 0.982991 -0.0320044 -0.355681 0.982991 -0.0320044 -0.283679 0.973339 -0.0260002 -0.355681 0.973339 -0.0260002 -0.283679 0.970596 -0.0143112 -0.355681 0.970596 -0.0143112 -0.290905 0.977339 -0.00367697 -0.290905 0.986274 -0.000209314 -0.290905 0.988966 0.0195213 -0.290905 0.980617 0.0203445 -0.349086 0.977339 -0.00367697 -0.290905 0.977339 -0.00367697 -0.290905 0.980617 0.0203445 -0.349086 0.980617 0.0203445 -0.349086 0.986274 -0.000209314 -0.349086 0.977339 -0.00367697 -0.349086 0.980617 0.0203445 -0.349086 0.988966 0.0195213 -0.290905 0.986274 -0.000209314 -0.349086 0.986274 -0.000209314 -0.349086 0.988966 0.0195213 -0.290905 0.988966 0.0195213 -0.246699 0.989013 0.0197725 -0.238517 0.990158 0.0281625 -0.238517 0.981809 0.0289857 -0.246699 0.980664 0.0205958 -0.393315 0.989013 0.0197727 -0.393315 0.980664 0.0205958 -0.405568 0.981809 0.0289857 -0.405568 0.990158 0.0281625 -0.290916 0.980664 0.0205958 -0.290916 0.989013 0.0197725 -0.246699 0.989013 0.0197725 -0.246699 0.980664 0.0205958 -0.349098 0.989013 0.0197727 -0.349098 0.980664 0.0205958 -0.393315 0.980664 0.0205958 -0.393315 0.989013 0.0197727 -0.246699 0.985244 0.0541555 -0.246699 0.993594 0.0533323 -0.393315 0.993593 0.0533325 -0.393315 0.985244 0.0541555 -0.238517 0.992449 0.044942 -0.405568 0.992448 0.0449424 -0.393315 0.993593 0.0533325 -0.246699 0.993594 0.0533323 -0.236523 0.991303 0.0365524 -0.238517 0.992449 0.044942 -0.238517 0.984099 0.0457654 -0.236523 0.982954 0.0373758 -0.405568 0.984099 0.0457656 -0.405568 0.992448 0.0449424 -0.407321 0.991302 0.0365528 -0.407321 0.982954 0.037376 -0.236523 0.991303 0.0365524 -0.238517 0.990158 0.0281625 -0.405568 0.990158 0.0281625 -0.407321 0.991302 0.0365528 -0.246699 0.993594 0.0533323 -0.246699 0.985244 0.0541555 -0.393315 0.985244 0.0541555 -0.393315 0.993593 0.0533325 -0.246699 0.989013 0.0197725 -0.290916 0.989013 0.0197725 -0.349098 0.989013 0.0197727 -0.393315 0.989013 0.0197727 0.43078 0.985133 -0.0162947 0.428795 0.980708 -0.00997892 0.428795 0.977793 -0.015293 0.428795 0.986215 -0.00836413 0.428795 0.991088 -0.0113955 0.428795 0.992472 -0.0172967 0.428795 0.989557 -0.0226108 0.428795 0.98405 -0.0242254 0.428795 0.979178 -0.0211942 0.428795 0.977793 -0.015293 0.423372 0.977471 -0.00535511 0.423372 0.972422 -0.0145603 0.423373 0.987007 -0.00255902 0.423373 0.995447 -0.00780837 0.423373 0.997845 -0.0180296 0.423373 0.992795 -0.0272344 0.423373 0.983258 -0.0300307 0.423373 0.974819 -0.0247813 0.423372 0.972422 -0.0145603 0.415966 0.976287 -0.0036631 0.415966 0.970455 -0.0142917 0.415967 0.987297 -0.00043391 0.415967 0.997042 -0.00649578 0.415967 0.999811 -0.0182978 0.415967 0.993981 -0.0289264 0.415967 0.982968 -0.0321556 0.415967 0.973225 -0.0260937 0.415966 0.970455 -0.0142917 0.415966 0.976287 -0.0036631 0.343267 0.976286 -0.0036631 0.343267 0.970455 -0.0142917 0.343267 0.970455 -0.0142917 0.415966 0.970455 -0.0142917 0.415966 0.976287 -0.0036631 0.415967 0.987297 -0.00043391 0.343267 0.987297 -0.00043391 0.343267 0.976286 -0.0036631 0.343267 0.976286 -0.0036631 0.415966 0.976287 -0.0036631 0.415967 0.987297 -0.00043391 0.415967 0.997042 -0.00649578 0.343267 0.997042 -0.00649578 0.343267 0.987297 -0.00043391 0.415967 0.987297 -0.00043391 0.415967 0.999811 -0.0182978 0.343267 0.999811 -0.0182978 0.343267 0.997042 -0.00649578 0.415967 0.997042 -0.00649578 0.415967 0.993981 -0.0289264 0.343267 0.993981 -0.0289264 0.343267 0.999811 -0.0182978 0.343267 0.999811 -0.0182978 0.415967 0.999811 -0.0182978 0.415967 0.993981 -0.0289264 0.415967 0.982968 -0.0321556 0.343267 0.982968 -0.0321556 0.343267 0.993981 -0.0289264 0.343267 0.993981 -0.0289264 0.415967 0.993981 -0.0289264 0.415967 0.982968 -0.0321556 0.415967 0.973225 -0.0260937 0.343267 0.973225 -0.0260937 0.343267 0.982968 -0.0321556 0.343267 0.982968 -0.0321556 0.415967 0.982968 -0.0321556 0.415967 0.973225 -0.0260937 0.415966 0.970455 -0.0142917 0.343267 0.970455 -0.0142917 0.343267 0.973225 -0.0260937 0.343267 0.973225 -0.0260937 0.415967 0.973225 -0.0260937 0.415966 0.970455 -0.0142917 0.408989 0.977281 -0.00379902 0.408989 0.986301 -0.000297785 0.408989 0.98902 0.0196237 0.408989 0.98902 0.0196237 0.408989 0.980591 0.0204547 0.408989 0.977281 -0.00379902 0.350244 0.977281 -0.00379902 0.408989 0.977281 -0.00379902 0.408989 0.980591 0.0204547 0.408989 0.980591 0.0204547 0.350244 0.980591 0.0204549 0.350244 0.977281 -0.00379902 0.350245 0.986301 -0.000297785 0.350244 0.977281 -0.00379902 0.350244 0.980591 0.0204549 0.350244 0.980591 0.0204549 0.350244 0.98902 0.0196237 0.350245 0.986301 -0.000297785 0.408989 0.986301 -0.000297785 0.350245 0.986301 -0.000297785 0.350244 0.98902 0.0196237 0.408989 0.98902 0.0196237 0.453634 0.989022 0.0196235 0.461895 0.990177 0.0280946 0.461895 0.981748 0.0289256 0.461895 0.981748 0.0289256 0.453634 0.980591 0.0204547 0.453634 0.989022 0.0196235 0.3056 0.989021 0.0196235 0.3056 0.980591 0.0204545 0.293228 0.981748 0.0289256 0.293228 0.981748 0.0289256 0.293228 0.990176 0.0280946 0.3056 0.989021 0.0196235 0.408989 0.980591 0.0204547 0.408989 0.989022 0.0196237 0.453634 0.989022 0.0196235 0.453634 0.989022 0.0196235 0.453634 0.980591 0.0204547 0.408989 0.980591 0.0204547 0.350244 0.989021 0.0196237 0.350244 0.980591 0.0204547 0.3056 0.980591 0.0204545 0.3056 0.980591 0.0204545 0.3056 0.989021 0.0196235 0.350244 0.989021 0.0196237 0.453634 0.985216 0.0543389 0.453634 0.993645 0.0535084 0.3056 0.993645 0.0535082 0.3056 0.993645 0.0535082 0.3056 0.985216 0.0543389 0.453634 0.985216 0.0543389 0.461895 0.99249 0.0450369 0.293228 0.992489 0.0450367 0.3056 0.993645 0.0535082 0.3056 0.993645 0.0535082 0.453634 0.993645 0.0535084 0.461895 0.99249 0.0450369 0.463908 0.991333 0.0365659 0.461895 0.99249 0.0450369 0.461895 0.98406 0.0458682 0.461895 0.98406 0.0458682 0.463908 0.982904 0.0373971 0.463908 0.991333 0.0365659 0.293228 0.98406 0.045868 0.293228 0.992489 0.0450367 0.291458 0.991333 0.0365659 0.291458 0.991333 0.0365659 0.291458 0.982904 0.0373969 0.293228 0.98406 0.045868 0.463908 0.991333 0.0365659 0.461895 0.990177 0.0280946 0.293228 0.990176 0.0280946 0.293228 0.990176 0.0280946 0.291458 0.991333 0.0365659 0.463908 0.991333 0.0365659 0.461895 0.990177 0.0280946 0.463908 0.991333 0.0365659 0.463908 0.982904 0.0373971 0.463908 0.982904 0.0373971 0.461895 0.981748 0.0289256 0.461895 0.990177 0.0280946 0.291458 0.982904 0.0373969 0.291458 0.991333 0.0365659 0.293228 0.990176 0.0280946 0.293228 0.990176 0.0280946 0.293228 0.981748 0.0289256 0.291458 0.982904 0.0373969 0.463908 0.991333 0.0365659 0.291458 0.991333 0.0365659 0.293228 0.992489 0.0450367 0.293228 0.992489 0.0450367 0.461895 0.99249 0.0450369 0.463908 0.991333 0.0365659 0.461895 0.99249 0.0450369 0.453634 0.993645 0.0535084 0.453634 0.985216 0.0543389 0.453634 0.985216 0.0543389 0.461895 0.98406 0.0458682 0.461895 0.99249 0.0450369 0.3056 0.985216 0.0543389 0.3056 0.993645 0.0535082 0.293228 0.992489 0.0450367 0.293228 0.992489 0.0450367 0.293228 0.98406 0.045868 0.3056 0.985216 0.0543389 0.461895 0.990177 0.0280946 0.453634 0.989022 0.0196235 0.408989 0.989022 0.0196237 0.461895 0.990177 0.0280946 0.408989 0.989022 0.0196237 0.350244 0.989021 0.0196237 0.350244 0.989021 0.0196237 0.3056 0.989021 0.0196235 0.293228 0.990176 0.0280946 0.461895 0.990177 0.0280946 0.350244 0.989021 0.0196237 0.293228 0.990176 0.0280946 -0.707568 -0.989441 0.328197 -0.707568 -0.995594 0.283111 0.70594 -0.995595 0.283111 0.70594 -0.989441 0.328197 -0.707568 0.984713 0.0587686 0.70594 0.984713 0.0587688 0.70594 0.97856 0.013683 -0.707568 0.97856 0.0136828 -0.707568 -0.989441 0.328197 0.70594 -0.989441 0.328197 0.70594 0.984713 0.0587688 -0.707568 0.984713 0.0587686 0.70594 -0.989441 0.328197 0.70594 -0.995595 0.283111 0.70594 0.97856 0.013683 0.70594 0.984713 0.0587688 0.70594 -0.995595 0.283111 -0.707568 -0.995594 0.283111 -0.707568 0.97856 0.0136828 0.70594 0.97856 0.013683 -0.707568 -0.995594 0.283111 -0.707568 -0.989441 0.328197 -0.707568 0.984713 0.0587686 -0.707568 0.97856 0.0136828 -0.73742 -0.121594 0.17206 -0.740352 -0.12038 0.17206 -0.740352 -0.12038 -0.151793 -0.73742 -0.121594 -0.151793 -0.741566 -0.117448 0.17206 -0.741566 -0.117447 -0.151793 -0.740352 -0.114516 0.17206 -0.740352 -0.114516 -0.151793 -0.73742 -0.113301 0.17206 -0.73742 -0.113302 -0.151793 -0.734488 -0.114516 0.17206 -0.734488 -0.114516 -0.151793 -0.733273 -0.117448 0.17206 -0.733273 -0.117447 -0.151793 -0.734488 -0.12038 0.17206 -0.734488 -0.12038 -0.151793 -0.73742 -0.121594 0.17206 -0.73742 -0.121594 -0.151793 -0.740352 -0.115724 -0.160783 -0.73742 -0.11642 -0.161777 -0.741566 -0.114042 -0.158381 -0.740352 -0.112361 -0.155979 -0.73742 -0.111664 -0.154984 -0.734488 -0.112361 -0.155979 -0.733273 -0.114042 -0.158381 -0.734488 -0.115724 -0.160783 -0.73742 -0.11642 -0.161777 -0.741158 -0.102214 -0.160905 -0.73742 -0.103054 -0.161951 -0.742707 -0.100186 -0.158381 -0.741158 -0.0981583 -0.155855 -0.73742 -0.0973183 -0.15481 -0.733681 -0.0981583 -0.155855 -0.732133 -0.100186 -0.158381 -0.733681 -0.102214 -0.160905 -0.73742 -0.103054 -0.161951 -0.741158 -0.100729 -0.167463 -0.73742 -0.102108 -0.167445 -0.742707 -0.0973991 -0.167507 -0.741158 -0.0940682 -0.16755 -0.73742 -0.0926888 -0.167568 -0.733681 -0.0940682 -0.16755 -0.732133 -0.0973991 -0.167507 -0.733681 -0.100729 -0.167463 -0.73742 -0.102108 -0.167445 -0.740967 -0.10289 -0.174021 -0.73742 -0.10401 -0.172939 -0.742437 -0.100186 -0.176633 -0.740967 -0.0974815 -0.179245 -0.73742 -0.0963616 -0.180327 -0.733872 -0.0974815 -0.179245 -0.732402 -0.100186 -0.176633 -0.733872 -0.10289 -0.174021 -0.73742 -0.10401 -0.172939 -0.740967 -0.1118 -0.175448 -0.73742 -0.111869 -0.174366 -0.742437 -0.111634 -0.17806 -0.740967 -0.111469 -0.180672 -0.73742 -0.1114 -0.181754 -0.733872 -0.111469 -0.180672 -0.732402 -0.111634 -0.17806 -0.733872 -0.1118 -0.175448 -0.73742 -0.111869 -0.174366 -0.738625 -0.141793 -0.177172 -0.73742 -0.141862 -0.176805 -0.739124 -0.141628 -0.17806 -0.738625 -0.141462 -0.178947 -0.73742 -0.141394 -0.179315 -0.736214 -0.141462 -0.178947 -0.735715 -0.141628 -0.17806 -0.736214 -0.141793 -0.177172 -0.73742 -0.141862 -0.176805 -0.695741 -0.175909 0.208097 -0.728293 -0.175909 0.208097 -0.728293 -0.179794 0.179349 -0.695741 -0.179794 0.179349 -0.695741 -0.175909 0.208097 -0.695741 -0.170508 0.211186 -0.728293 -0.170508 0.211186 -0.728293 -0.170508 0.211186 -0.728293 -0.175909 0.208097 -0.695741 -0.175909 0.208097 -0.728293 -0.175909 0.208097 -0.728293 -0.170508 0.211186 -0.728293 -0.175406 0.174937 -0.728293 -0.175406 0.174937 -0.728293 -0.179794 0.179349 -0.728293 -0.175909 0.208097 -0.728293 -0.179794 0.179349 -0.728293 -0.175406 0.174937 -0.695741 -0.175406 0.174936 -0.695741 -0.179794 0.179349 -0.728293 -0.170508 0.211186 -0.695741 -0.170508 0.211186 -0.695741 -0.0556609 0.195668 -0.695741 -0.0556609 0.195668 -0.728293 -0.0556613 0.195668 -0.728293 -0.170508 0.211186 -0.728293 -0.0556613 0.195668 -0.728293 -0.060559 0.159419 -0.695741 -0.175406 0.174936 -0.728293 -0.175406 0.174937 -0.728293 -0.060559 0.159419 -0.695741 -0.060559 0.159419 -0.728293 -0.0556613 0.195668 -0.695741 -0.0556609 0.195668 -0.695741 -0.0520123 0.191356 -0.695741 -0.0520123 0.191356 -0.728293 -0.0520123 0.191356 -0.728293 -0.0556613 0.195668 -0.728293 -0.0520123 0.191356 -0.728293 -0.0520123 0.191356 -0.728293 -0.0558966 0.162608 -0.728293 -0.060559 0.159419 -0.695741 -0.060559 0.159419 -0.728293 -0.060559 0.159419 -0.728293 -0.0558966 0.162608 -0.695741 -0.0558966 0.162608 -0.695741 -0.0558966 0.162608 -0.728293 -0.0558966 0.162608 -0.728293 -0.0520123 0.191356 -0.695741 -0.0520123 0.191356 -0.728291 -0.116457 0.168194 -0.728291 -0.124755 0.170417 -0.747199 -0.124755 0.170417 -0.747199 -0.116457 0.168194 -0.728291 -0.13083 0.176492 -0.747199 -0.13083 0.176492 -0.728292 -0.133053 0.184789 -0.747199 -0.133053 0.184789 -0.728292 -0.133053 0.184789 -0.728292 -0.130829 0.193087 -0.747199 -0.130829 0.193087 -0.747199 -0.133053 0.184789 -0.728292 -0.124755 0.199161 -0.747199 -0.124755 0.199161 -0.728292 -0.116458 0.201385 -0.747199 -0.116458 0.201385 -0.728292 -0.10816 0.199161 -0.747199 -0.10816 0.199161 -0.728291 -0.102085 0.193087 -0.747199 -0.102085 0.193087 -0.728291 -0.0998618 0.184789 -0.747199 -0.0998618 0.184789 -0.728291 -0.102085 0.176492 -0.747199 -0.102085 0.176492 -0.728291 -0.10816 0.170417 -0.747199 -0.10816 0.170417 -0.747199 -0.124755 0.170417 -0.747199 -0.13083 0.176492 -0.755164 -0.116621 0.184789 -0.747199 -0.133053 0.184789 -0.747199 -0.130829 0.193087 -0.747199 -0.124755 0.199161 -0.747199 -0.116458 0.201385 -0.747199 -0.10816 0.199161 -0.747199 -0.102085 0.193087 -0.747199 -0.0998618 0.184789 -0.747199 -0.102085 0.176492 -0.747199 -0.10816 0.170417 -0.747199 -0.116457 0.168194 -0.741525 -0.114133 -0.165593 -0.741525 -0.109771 -0.168111 -0.764593 -0.109771 -0.181429 -0.766774 -0.114133 -0.18017 -0.741525 -0.109771 -0.173147 -0.760231 -0.109771 -0.183947 -0.741525 -0.114133 -0.175665 -0.75805 -0.114133 -0.185207 -0.741525 -0.118494 -0.173147 -0.760231 -0.118494 -0.183947 -0.741525 -0.118494 -0.168111 -0.764593 -0.118494 -0.181429 -0.741525 -0.114133 -0.165593 -0.766774 -0.114133 -0.18017 -0.764593 -0.109771 -0.208066 -0.766774 -0.114132 -0.209325 -0.760231 -0.109771 -0.205548 -0.75805 -0.114132 -0.204289 -0.760231 -0.118494 -0.205548 -0.764593 -0.118494 -0.208066 -0.766774 -0.114132 -0.209325 -0.741525 -0.109771 -0.221385 -0.741525 -0.114132 -0.223903 -0.741525 -0.10977 -0.216348 -0.741525 -0.114132 -0.21383 -0.741525 -0.118494 -0.216348 -0.741525 -0.118494 -0.221385 -0.741525 -0.114132 -0.223903 -0.718456 -0.109771 -0.208066 -0.716275 -0.114132 -0.209325 -0.722818 -0.109771 -0.205548 -0.724999 -0.114132 -0.204289 -0.722818 -0.118494 -0.205548 -0.718456 -0.118494 -0.208066 -0.716275 -0.114132 -0.209325 -0.718456 -0.109771 -0.181429 -0.716275 -0.114133 -0.18017 -0.718456 -0.109771 -0.208066 -0.722818 -0.109771 -0.205548 -0.722818 -0.109771 -0.183947 -0.718456 -0.109771 -0.181429 -0.724999 -0.114133 -0.185207 -0.722818 -0.109771 -0.183947 -0.722818 -0.118494 -0.183947 -0.724999 -0.114133 -0.185207 -0.722818 -0.118494 -0.205548 -0.718456 -0.118494 -0.208066 -0.718456 -0.118494 -0.181429 -0.722818 -0.118494 -0.183947 -0.716275 -0.114133 -0.18017 -0.718456 -0.118494 -0.181429 -0.716275 -0.114133 -0.18017 -0.724999 -0.114133 -0.185207 -0.716275 -0.114133 -0.18017 -0.692079 -0.110225 -0.192998 -0.692079 -0.113355 -0.197307 -0.719179 -0.113355 -0.197307 -0.719179 -0.110225 -0.192998 -0.692079 -0.11842 -0.195661 -0.719179 -0.11842 -0.195661 -0.692079 -0.11842 -0.190335 -0.719179 -0.11842 -0.190335 -0.692079 -0.113355 -0.18869 -0.719179 -0.113355 -0.18869 -0.692079 -0.110225 -0.192998 -0.719179 -0.110225 -0.192998 0.73742 -0.121594 0.17206 0.73742 -0.121594 -0.151793 0.740352 -0.12038 -0.151793 0.740352 -0.12038 0.17206 0.741566 -0.117447 -0.151793 0.741566 -0.117448 0.17206 0.740352 -0.114516 -0.151793 0.740352 -0.114516 0.17206 0.73742 -0.113302 -0.151793 0.73742 -0.113301 0.17206 0.734488 -0.114516 -0.151793 0.734488 -0.114516 0.17206 0.733274 -0.117447 -0.151793 0.733273 -0.117448 0.17206 0.734488 -0.12038 -0.151793 0.734488 -0.12038 0.17206 0.73742 -0.121594 -0.151793 0.73742 -0.121594 0.17206 0.73742 -0.11642 -0.161777 0.740352 -0.115724 -0.160782 0.741566 -0.114043 -0.158381 0.740352 -0.112361 -0.155979 0.73742 -0.111664 -0.154984 0.734488 -0.112361 -0.155979 0.733274 -0.114043 -0.158381 0.734488 -0.115724 -0.160782 0.73742 -0.11642 -0.161777 0.73742 -0.103054 -0.161951 0.741158 -0.102214 -0.160905 0.742707 -0.100186 -0.158381 0.741158 -0.0981583 -0.155855 0.73742 -0.0973183 -0.15481 0.733682 -0.0981583 -0.155855 0.732133 -0.100186 -0.158381 0.733682 -0.102214 -0.160905 0.73742 -0.103054 -0.161951 0.73742 -0.102108 -0.167445 0.741158 -0.100729 -0.167463 0.742707 -0.0973995 -0.167507 0.741158 -0.0940682 -0.16755 0.73742 -0.0926888 -0.167568 0.733682 -0.0940682 -0.16755 0.732133 -0.0973995 -0.167507 0.733682 -0.100729 -0.167463 0.73742 -0.102108 -0.167445 0.73742 -0.10401 -0.172938 0.740968 -0.10289 -0.174021 0.742437 -0.100186 -0.176633 0.740968 -0.0974811 -0.179245 0.73742 -0.0963612 -0.180327 0.733872 -0.0974811 -0.179245 0.732402 -0.100186 -0.176633 0.733872 -0.10289 -0.174021 0.73742 -0.10401 -0.172938 0.73742 -0.111869 -0.174365 0.740968 -0.111801 -0.175447 0.742437 -0.111634 -0.178059 0.740968 -0.111469 -0.180672 0.73742 -0.1114 -0.181754 0.733872 -0.111469 -0.180672 0.732402 -0.111634 -0.178059 0.733872 -0.111801 -0.175447 0.73742 -0.111869 -0.174365 0.73742 -0.141862 -0.176804 0.738626 -0.141793 -0.177172 0.739124 -0.141628 -0.178059 0.738626 -0.141462 -0.178947 0.73742 -0.141394 -0.179315 0.736214 -0.141462 -0.178947 0.735715 -0.141628 -0.178059 0.736214 -0.141793 -0.177172 0.73742 -0.141862 -0.176804 0.695741 -0.17591 0.208097 0.695741 -0.179794 0.179349 0.728293 -0.179794 0.179349 0.728293 -0.17591 0.208097 0.695741 -0.17591 0.208097 0.728293 -0.17591 0.208097 0.728293 -0.170508 0.211186 0.728293 -0.170508 0.211186 0.695741 -0.170508 0.211186 0.695741 -0.17591 0.208097 0.728293 -0.17591 0.208097 0.728293 -0.179794 0.179349 0.728293 -0.175406 0.174937 0.728293 -0.175406 0.174937 0.728293 -0.170508 0.211186 0.728293 -0.17591 0.208097 0.728293 -0.179794 0.179349 0.695741 -0.179794 0.179349 0.695741 -0.175406 0.174936 0.695741 -0.175406 0.174936 0.728293 -0.175406 0.174937 0.728293 -0.179794 0.179349 0.728293 -0.170508 0.211186 0.728293 -0.0556617 0.195668 0.695741 -0.0556613 0.195668 0.695741 -0.0556613 0.195668 0.695741 -0.170508 0.211186 0.728293 -0.170508 0.211186 0.728293 -0.0605594 0.159419 0.728293 -0.0556617 0.195668 0.695741 -0.175406 0.174936 0.695741 -0.0605594 0.159419 0.728293 -0.0605594 0.159419 0.728293 -0.175406 0.174937 0.728293 -0.0556617 0.195668 0.728293 -0.0520127 0.191356 0.695741 -0.0520127 0.191356 0.695741 -0.0520127 0.191356 0.695741 -0.0556613 0.195668 0.728293 -0.0556617 0.195668 0.728293 -0.0558966 0.162608 0.728293 -0.0520127 0.191356 0.695741 -0.0605594 0.159419 0.695741 -0.0558966 0.162608 0.728293 -0.0558966 0.162608 0.728293 -0.0605594 0.159419 0.695741 -0.0558966 0.162608 0.695741 -0.0520127 0.191356 0.728293 -0.0520127 0.191356 0.728293 -0.0558966 0.162608 0.728292 -0.116457 0.168194 0.747199 -0.116457 0.168194 0.747199 -0.124756 0.170417 0.728292 -0.124756 0.170417 0.747199 -0.13083 0.176492 0.728292 -0.13083 0.176492 0.747199 -0.133053 0.18479 0.728292 -0.133053 0.18479 0.728292 -0.133053 0.18479 0.747199 -0.133053 0.18479 0.747199 -0.13083 0.193087 0.728292 -0.13083 0.193087 0.747199 -0.124755 0.199162 0.728292 -0.124755 0.199162 0.747199 -0.116458 0.201385 0.728292 -0.116458 0.201385 0.747199 -0.10816 0.199162 0.728292 -0.10816 0.199162 0.747199 -0.102086 0.193087 0.728292 -0.102086 0.193087 0.747199 -0.0998622 0.18479 0.728292 -0.0998622 0.18479 0.747199 -0.102085 0.176492 0.728292 -0.102085 0.176492 0.747199 -0.10816 0.170417 0.728292 -0.10816 0.170417 0.747199 -0.124756 0.170417 0.755164 -0.116621 0.18479 0.747199 -0.13083 0.176492 0.747199 -0.133053 0.18479 0.747199 -0.13083 0.193087 0.747199 -0.124755 0.199162 0.747199 -0.116458 0.201385 0.747199 -0.10816 0.199162 0.747199 -0.102086 0.193087 0.747199 -0.0998622 0.18479 0.747199 -0.102085 0.176492 0.747199 -0.10816 0.170417 0.747199 -0.116457 0.168194 0.741525 -0.114133 -0.165593 0.766774 -0.114133 -0.18017 0.764593 -0.109771 -0.181429 0.741525 -0.109771 -0.168111 0.760231 -0.109771 -0.183947 0.741525 -0.109771 -0.173147 0.758051 -0.114133 -0.185206 0.741525 -0.114133 -0.175665 0.760231 -0.118494 -0.183947 0.741525 -0.118494 -0.173147 0.764593 -0.118495 -0.181429 0.741525 -0.118494 -0.168111 0.766774 -0.114133 -0.18017 0.741525 -0.114133 -0.165593 0.766774 -0.114132 -0.209325 0.764593 -0.109771 -0.208066 0.760231 -0.109771 -0.205548 0.758051 -0.114132 -0.204289 0.760231 -0.118494 -0.205548 0.764593 -0.118495 -0.208066 0.766774 -0.114132 -0.209325 0.741525 -0.114132 -0.223903 0.741525 -0.109771 -0.221385 0.741525 -0.10977 -0.216348 0.741525 -0.114132 -0.21383 0.741525 -0.118494 -0.216348 0.741525 -0.118494 -0.221385 0.741525 -0.114132 -0.223903 0.716276 -0.114132 -0.209325 0.718457 -0.109771 -0.208066 0.722818 -0.109771 -0.205548 0.724999 -0.114132 -0.204289 0.722818 -0.118494 -0.205548 0.718457 -0.118495 -0.208066 0.716276 -0.114132 -0.209325 0.716276 -0.114133 -0.18017 0.718457 -0.109771 -0.181429 0.718457 -0.109771 -0.208066 0.718457 -0.109771 -0.181429 0.722818 -0.109771 -0.183947 0.722818 -0.109771 -0.205548 0.722818 -0.109771 -0.183947 0.724999 -0.114133 -0.185206 0.724999 -0.114133 -0.185206 0.722818 -0.118494 -0.183947 0.722818 -0.118494 -0.205548 0.722818 -0.118494 -0.183947 0.718457 -0.118495 -0.181429 0.718457 -0.118495 -0.208066 0.718457 -0.118495 -0.181429 0.716276 -0.114133 -0.18017 0.716276 -0.114133 -0.18017 0.724999 -0.114133 -0.185206 0.716276 -0.114133 -0.18017 0.692079 -0.110225 -0.192998 0.719179 -0.110225 -0.192998 0.719179 -0.113355 -0.197307 0.692079 -0.113355 -0.197307 0.719179 -0.11842 -0.195661 0.692079 -0.11842 -0.195661 0.719179 -0.11842 -0.190335 0.692079 -0.11842 -0.190335 0.719179 -0.113355 -0.188689 0.692079 -0.113355 -0.188689 0.719179 -0.110225 -0.192998 0.692079 -0.110225 -0.192998 </float_array>
          <technique_common>
            <accessor count="1061" offset="0" source="#meshId0-positions-array" stride="3">
              <param name="X" type="float" />
              <param name="Y" type="float" />
              <param name="Z" type="float" />
            </accessor>
          </technique_common>
        </source>
        <source id="meshId0-normals" name="meshId0-normals">
          <float_array id="meshId0-normals-array" count="3183"> -1 1.40794e-006 -1.06434e-005 -0.846128 -0.310296 -0.43334 -0.85231 -0.518877 -0.0658351 -0.840153 0.068225 -0.538041 -0.84613 0.408669 -0.34213 -0.852291 0.518913 0.0657914 -0.846118 0.310307 0.433351 -0.840181 -0.0682693 0.537991 -0.846108 -0.408649 0.342211 -0.840181 -0.0682693 0.537991 -0.486033 -0.516384 -0.705067 -0.496126 -0.86135 -0.10925 -0.475968 0.110662 -0.872473 -0.486029 0.676061 -0.553821 -0.496154 0.861333 0.109256 -0.486008 0.516458 0.70503 -0.475993 -0.110675 0.872457 -0.486015 -0.676082 0.553807 -0.475993 -0.110675 0.872457 -0.131146 -0.587001 -0.798893 -0.135636 -0.982885 -0.124663 -0.126862 0.124814 -0.984036 -0.131151 0.767852 -0.627058 -0.135671 0.982879 0.12467 -0.131156 0.587045 0.798859 -0.126869 -0.12481 0.984036 -0.131154 -0.767881 0.627022 -0.126869 -0.12481 0.984036 -0.131146 -0.587001 -0.798893 7.957e-008 -0.590604 -0.806961 -5.49987e-008 -0.992053 -0.125823 -0.135636 -0.982885 -0.124663 -0.126862 0.124814 -0.984036 1.61626e-007 0.125824 -0.992052 -0.131151 0.767852 -0.627058 1.55187e-007 0.77336 -0.633967 -0.135671 0.982879 0.12467 5.49985e-008 0.992052 0.125824 -0.131156 0.587045 0.798859 -7.95628e-008 0.590643 0.806933 -0.126869 -0.12481 0.984036 4.36473e-007 -0.125825 0.992052 5.49582e-007 -0.773392 0.633929 4.36473e-007 -0.125825 0.992052 -0.375174 -0.0871707 0.922847 -0.866098 -0.0470051 0.49766 -0.861217 -0.0477946 0.505986 -0.369927 -0.0873688 0.924943 0.282079 -0.0902211 0.955139 0.279002 -0.0903056 0.956035 0.815319 -0.0544503 0.576446 0.822613 -0.0534686 0.566082 -1.59785e-007 -0.0940399 0.995568 -1.59785e-007 -0.0940399 0.995568 -0.375174 -0.0871707 0.922847 -0.369927 -0.0873688 0.924943 -1.59785e-007 -0.0940399 0.995568 -1.59785e-007 -0.0940399 0.995568 0.279002 -0.0903056 0.956035 0.282079 -0.0902211 0.955139 -0.375157 0.0870938 -0.922861 -0.369897 0.0872922 -0.924963 0.278977 0.0902259 -0.95605 0.282061 0.0901412 -0.955152 5.4993e-008 0.992048 0.125858 -1.59553e-006 0.992052 0.125826 5.49985e-008 0.992052 0.125824 5.49985e-008 0.992052 0.125824 -0.999987 0.000469231 -0.00499942 -0.861203 0.0477543 -0.506012 -0.866099 0.046969 -0.497661 -0.999987 -0.000476571 0.00501611 0.822616 0.0534259 -0.566082 0.815305 0.0544036 -0.57647 0.99999 0.000415133 -0.00442499 0.99999 -0.000421927 0.00444065 -2.32554e-008 0.992052 0.125824 5.50041e-008 0.992057 0.12579 -1.5955e-006 0.992053 0.125823 -2.17762e-006 0.992052 0.125824 -0.369897 0.0872922 -0.924963 -0.375157 0.0870938 -0.922861 0.282061 0.0901412 -0.955152 0.278977 0.0902259 -0.95605 5.49985e-008 0.992052 0.125824 5.49985e-008 0.992052 0.125824 5.49985e-008 0.992052 0.125824 5.49985e-008 0.992052 0.125824 -1 7.48979e-008 -1.53421e-007 -1 7.48979e-008 -1.53421e-007 -1 7.48979e-008 -1.53421e-007 -1 7.48979e-008 -1.53421e-007 -5.49985e-008 -0.992052 -0.125824 -5.49985e-008 -0.992052 -0.125824 -5.49985e-008 -0.992052 -0.125824 -5.49985e-008 -0.992052 -0.125824 1 -7.48979e-008 1.53421e-007 1 -7.48979e-008 1.53421e-007 1 -7.48979e-008 1.53421e-007 1 -7.48979e-008 1.53421e-007 5.49985e-008 0.992052 0.125824 5.49985e-008 0.992052 0.125824 5.49985e-008 0.992052 0.125824 5.49985e-008 0.992052 0.125824 -1 -9.90574e-006 3.20332e-005 -0.846118 -0.310334 -0.433332 -0.852308 -0.518885 -0.0657929 -0.840169 0.068218 -0.538017 -0.846131 0.408674 -0.342123 -0.852314 0.51887 0.0658298 -0.846127 0.310286 0.433349 -0.840155 -0.0682454 0.538036 -0.846121 -0.408662 0.342161 -0.840155 -0.0682454 0.538036 -0.486028 -0.516429 -0.705038 -0.496125 -0.861354 -0.109222 -0.475961 0.110652 -0.872478 -0.486014 0.676094 -0.553793 -0.49614 0.861338 0.109275 -0.486012 0.516427 0.70505 -0.475967 -0.110674 0.872472 -0.486013 -0.67608 0.553811 -0.475967 -0.110674 0.872472 -0.268229 -0.572069 -0.775106 -0.278115 -0.952918 -0.120827 -0.258879 0.121538 -0.958233 -0.268216 0.747442 -0.607775 -0.278144 0.952901 0.120897 -0.268203 0.572043 0.775134 -0.258863 -0.121552 0.958235 -0.268231 -0.747441 0.60777 -0.258863 -0.121552 0.958235 1.58296e-008 -0.854087 -0.52013 1.58296e-008 -0.854087 -0.52013 1.58296e-008 -0.854087 -0.52013 1.58296e-008 -0.854087 -0.52013 1.58296e-008 -0.854087 -0.52013 1.58296e-008 -0.854087 -0.52013 1.31227e-007 -0.237643 -0.971352 1.31227e-007 -0.237643 -0.971352 1.31227e-007 -0.237643 -0.971352 1.31227e-007 -0.237643 -0.971352 1.70603e-007 0.472605 -0.881274 1.70603e-007 0.472605 -0.881274 1.70603e-007 0.472605 -0.881274 1.70603e-007 0.472605 -0.881274 1.16233e-007 0.956885 -0.290468 1.16233e-007 0.956885 -0.290468 1.16233e-007 0.956885 -0.290468 1.16233e-007 0.956885 -0.290468 1.16233e-007 0.956885 -0.290468 1.16233e-007 0.956885 -0.290468 -1.58418e-008 0.85405 0.520191 -1.58418e-008 0.85405 0.520191 -1.58418e-008 0.85405 0.520191 -1.58418e-008 0.85405 0.520191 -1.31228e-007 0.237632 0.971355 -1.31228e-007 0.237632 0.971355 -1.31228e-007 0.237632 0.971355 -1.31228e-007 0.237632 0.971355 -1.70603e-007 -0.472616 0.881269 -1.70603e-007 -0.472615 0.881269 -1.70603e-007 -0.472615 0.881269 -1.70603e-007 -0.472616 0.881269 -1.70603e-007 -0.472615 0.881269 -1.70603e-007 -0.472615 0.881269 -1.16234e-007 -0.956882 0.290478 -1.16234e-007 -0.956882 0.290478 -1.16234e-007 -0.956882 0.290478 -1.16234e-007 -0.956882 0.290478 -0.691449 -0.0678763 0.719229 -0.691449 -0.0678763 0.719229 -0.691449 -0.0678763 0.719229 -0.691449 -0.0678763 0.719229 -0.691449 -0.0678763 0.719229 -0.691449 -0.0678763 0.719229 0.538545 -0.0791672 0.83887 0.538545 -0.0791672 0.83887 0.538545 -0.0791672 0.83887 0.538545 -0.0791672 0.83887 -1.5978e-007 -0.0939562 0.995576 -1.5978e-007 -0.0939562 0.995576 -1.5978e-007 -0.0939562 0.995576 -1.5978e-007 -0.0939562 0.995576 -1.5978e-007 -0.0939562 0.995576 -1.5978e-007 -0.0939562 0.995576 -1.5978e-007 -0.0939562 0.995576 -1.5978e-007 -0.0939562 0.995576 1.5978e-007 0.0939562 -0.995576 1.5978e-007 0.0939562 -0.995576 1.5978e-007 0.0939562 -0.995576 1.5978e-007 0.0939562 -0.995576 1.5978e-007 0.0939562 -0.995576 1.5978e-007 0.0939562 -0.995576 5.49985e-008 0.992052 0.125824 5.49985e-008 0.992052 0.125824 5.49985e-008 0.992052 0.125824 5.49985e-008 0.992052 0.125824 5.49985e-008 0.992052 0.125824 5.49985e-008 0.992052 0.125824 -0.969094 0.0231989 -0.245598 -0.969094 0.0231989 -0.245598 -0.969094 0.0231989 -0.245598 -0.969091 0.0232103 -0.245608 -0.969091 0.0232103 -0.245608 -0.969091 0.0232103 -0.245608 0.975843 0.0205453 -0.217506 0.975843 0.0205453 -0.217506 0.975843 0.0205453 -0.217506 0.97584 0.0205554 -0.217515 0.97584 0.0205554 -0.217515 0.97584 0.0205554 -0.217515 5.49985e-008 0.992052 0.125824 5.49985e-008 0.992052 0.125824 5.49985e-008 0.992052 0.125824 5.49985e-008 0.992052 0.125824 -0.969094 -0.0232091 0.245597 -0.969094 -0.0232091 0.245597 -0.969094 -0.0232091 0.245597 -0.969103 -0.023175 0.245567 -0.969103 -0.023175 0.245567 -0.969103 -0.023175 0.245567 0.975843 -0.0205545 0.217506 0.975843 -0.0205545 0.217506 0.975843 -0.0205545 0.217506 0.975849 -0.0205243 0.217479 0.975849 -0.0205243 0.217479 0.975849 -0.0205243 0.217479 -0.691484 0.0678732 -0.719196 -0.691484 0.0678732 -0.719196 -0.691484 0.0678732 -0.719196 -0.69145 0.0679368 -0.719223 -0.69145 0.0679368 -0.719223 -0.69145 0.0679368 -0.719223 0.538576 0.0791766 -0.838848 0.538576 0.0791766 -0.838848 0.538576 0.0791766 -0.838848 0.538546 0.0792376 -0.838862 0.538546 0.0792376 -0.838862 0.538546 0.0792376 -0.838862 5.49985e-008 0.992052 0.125824 5.49985e-008 0.992052 0.125824 5.49985e-008 0.992052 0.125824 5.49985e-008 0.992052 0.125824 5.49985e-008 0.992052 0.125824 5.49985e-008 0.992052 0.125824 -1 7.48979e-008 -1.53421e-007 -1 7.48979e-008 -1.53421e-007 -1 7.48979e-008 -1.53421e-007 -1 7.48979e-008 -1.53421e-007 -5.49985e-008 -0.992052 -0.125824 -5.49985e-008 -0.992052 -0.125824 -5.49985e-008 -0.992052 -0.125824 -5.49985e-008 -0.992052 -0.125824 -5.49985e-008 -0.992052 -0.125824 -5.49985e-008 -0.992052 -0.125824 1 -7.48979e-008 1.53421e-007 1 -7.48979e-008 1.53421e-007 1 -7.48979e-008 1.53421e-007 1 -7.48979e-008 1.53421e-007 1 -7.48979e-008 1.53421e-007 1 -7.48979e-008 1.53421e-007 5.49985e-008 0.992052 0.125824 5.49985e-008 0.992052 0.125824 5.49985e-008 0.992052 0.125824 5.49985e-008 0.992052 0.125824 -5.49985e-008 -0.992052 -0.125824 -5.49985e-008 -0.992052 -0.125824 -5.49985e-008 -0.992052 -0.125824 -5.49985e-008 -0.992052 -0.125824 5.49985e-008 0.992052 0.125824 5.49985e-008 0.992052 0.125824 5.49985e-008 0.992052 0.125824 5.49985e-008 0.992052 0.125824 1.31432e-009 -0.125824 0.992052 -2.54345e-008 -0.125824 0.992052 1.59125e-008 -0.125824 0.992052 4.26612e-008 -0.125824 0.992052 1 -7.48979e-008 1.53421e-007 1 -7.48979e-008 1.53421e-007 1 -7.48979e-008 1.53421e-007 1 -7.48979e-008 1.53421e-007 -1.31432e-009 0.125824 -0.992052 2.54345e-008 0.125824 -0.992052 -1.59125e-008 0.125824 -0.992052 -4.26612e-008 0.125824 -0.992052 -1 -2.09525e-008 -1.65578e-007 -1 -2.09525e-008 -1.65578e-007 -1 -2.09525e-008 -1.65578e-007 -1 -2.09525e-008 -1.65578e-007 1 5.91673e-005 -7.32567e-006 0.846123 -0.338283 0.411875 0.840194 -0.537302 0.0733565 0.85231 0.0707778 0.518227 0.846127 0.436269 0.306167 0.840133 0.537403 -0.0733163 0.84613 0.338257 -0.411882 0.852297 -0.0706515 -0.518265 0.846133 -0.436255 -0.30617 0.840194 -0.537302 0.0733565 0.485965 -0.547378 0.681334 0.475968 -0.87138 0.118957 0.496126 0.117472 0.860267 0.486014 0.709946 0.509674 0.475904 0.871418 -0.118937 0.485985 0.547423 -0.681283 0.496111 -0.117348 -0.860293 0.485972 -0.709909 -0.509764 0.475968 -0.87138 0.118957 0.131089 -0.619671 0.773837 0.126835 -0.982808 0.134167 0.135616 0.134018 0.981655 0.131123 0.804443 0.579377 0.126802 0.982813 -0.134163 0.131096 0.619778 -0.77375 0.135611 -0.133926 -0.981669 0.131091 -0.804374 -0.579481 0.126835 -0.982808 0.134167 0.131089 -0.619671 0.773837 4.60717e-006 -0.626537 0.779392 4.05199e-006 -0.990815 0.135221 0.126835 -0.982808 0.134167 0.135616 0.134018 0.981655 -1.4188e-007 0.135263 0.99081 -2.85708e-008 0.812546 0.582897 9.49608e-008 0.990811 -0.135256 1.66497e-007 0.626634 -0.779313 0.135611 -0.133926 -0.981669 1.41889e-007 -0.135168 -0.990823 0.131091 -0.804374 -0.579481 2.85909e-008 -0.812476 -0.582994 0.126835 -0.982808 0.134167 4.05199e-006 -0.990815 0.135221 1 -7.48979e-008 1.53421e-007 1 -7.48979e-008 1.53421e-007 1 -7.48979e-008 1.53421e-007 1 -7.48979e-008 1.53421e-007 -9.49572e-008 -0.990814 0.135231 -9.49572e-008 -0.990814 0.135231 -9.49572e-008 -0.990814 0.135231 -9.49572e-008 -0.990814 0.135231 -1 7.48979e-008 -1.53421e-007 -1 7.48979e-008 -1.53421e-007 -1 7.48979e-008 -1.53421e-007 -1 7.48979e-008 -1.53421e-007 9.49551e-008 0.990816 -0.135216 9.49551e-008 0.990816 -0.135216 9.49551e-008 0.990816 -0.135216 9.49551e-008 0.990816 -0.135216 0.71888 -0.0682117 -0.691779 0.880217 -0.0465634 -0.472282 0.874905 -0.0475192 -0.481957 0.718877 -0.068218 -0.691782 -0.299602 -0.093623 -0.949459 -0.295579 -0.0937492 -0.950707 -0.829397 -0.0548143 -0.555964 -0.837544 -0.0536065 -0.543734 1.4533e-007 -0.098136 -0.995173 1.4533e-007 -0.098136 -0.995173 1.4533e-007 -0.098136 -0.995173 1.4533e-007 -0.098136 -0.995173 1.45331e-007 -0.0981341 -0.995173 1.45331e-007 -0.098134 -0.995173 -0.295579 -0.0937492 -0.950707 -0.299602 -0.093623 -0.949459 1.19536e-006 0.0981129 0.995175 1.24598e-006 0.0981138 0.995175 -0.295587 0.093707 0.950709 -0.29961 0.0935898 0.94946 -5.15612e-006 0.990816 -0.13522 -4.87375e-006 0.990816 -0.135216 -4.96919e-006 0.990819 -0.135199 -5.65778e-006 0.990817 -0.135211 0.999985 0.000535422 0.00543045 0.874905 0.0475234 0.481957 0.880213 0.0465732 0.472288 0.999985 -0.000533132 -0.00541886 -0.837536 0.0536188 0.543745 -0.829393 0.0548176 0.555969 -0.999988 0.000473988 0.00480578 -0.999988 -0.00047125 -0.00479167 -4.80635e-006 0.990816 -0.135217 -3.77018e-006 0.990817 -0.135209 -3.88162e-006 0.990817 -0.13521 -4.84327e-006 0.990816 -0.135214 0.718892 0.0682009 0.691768 0.718889 0.0682073 0.69177 -0.29961 0.0935898 0.94946 -0.295587 0.093707 0.950709 9.49544e-008 0.990817 -0.135211 -1.28498e-005 0.990828 -0.135132 -4.64716e-006 0.990813 -0.135239 9.49544e-008 0.990817 -0.135211 1 7.05368e-006 2.76391e-006 0.846091 -0.338297 0.411929 0.840122 -0.537414 0.0733623 0.852286 0.0707202 0.518274 0.846116 0.436265 0.306202 0.840142 0.537385 -0.0733393 0.846123 0.338217 -0.411929 0.852284 -0.0707303 -0.518275 0.846102 -0.436311 -0.306178 0.840122 -0.537414 0.0733623 0.485919 -0.547427 0.681327 0.47591 -0.871411 0.118963 0.496116 0.117377 0.860286 0.486001 0.709907 0.509741 0.475918 0.871413 -0.118916 0.486006 0.547354 -0.681324 0.496098 -0.117425 -0.86029 0.48594 -0.709941 -0.509751 0.47591 -0.871411 0.118963 0.268141 -0.600664 0.753195 0.258841 -0.957042 0.130661 0.278139 0.129857 0.951723 0.268223 0.78051 0.564677 0.258792 0.957062 -0.130612 0.268203 0.600672 -0.753167 0.27813 -0.129934 -0.951715 0.268086 -0.780505 -0.564749 0.258841 -0.957042 0.130661 9.98762e-006 -0.876729 0.480985 9.98762e-006 -0.876729 0.480985 9.98762e-006 -0.876729 0.480985 -1.39464e-007 -0.876699 0.481039 -1.39464e-007 -0.876699 0.481039 -1.39464e-007 -0.876699 0.481039 -1.68298e-007 -0.281401 0.95959 -1.68298e-007 -0.281401 0.95959 -1.68298e-007 -0.281401 0.95959 4.12455e-006 -0.281427 0.959583 4.12455e-006 -0.281427 0.959583 4.12455e-006 -0.281427 0.959583 -9.07123e-008 0.528198 0.849121 -9.07123e-008 0.528198 0.849121 -9.07123e-008 0.528198 0.849121 -9.07123e-008 0.528198 0.849121 3.78832e-008 0.973576 0.228362 3.78832e-008 0.973576 0.228362 3.78832e-008 0.973576 0.228362 3.78832e-008 0.973576 0.228362 1.39448e-007 0.876778 -0.480895 1.39448e-007 0.876778 -0.480895 1.39448e-007 0.876778 -0.480895 1.39448e-007 0.876778 -0.480895 1.39448e-007 0.876778 -0.480895 1.39448e-007 0.876778 -0.480895 1.68297e-007 0.281372 -0.959599 1.68297e-007 0.281372 -0.959599 1.68297e-007 0.281372 -0.959599 1.68297e-007 0.281372 -0.959599 1.68297e-007 0.281372 -0.959599 1.68297e-007 0.281372 -0.959599 4.71871e-006 -0.528264 -0.84908 4.71871e-006 -0.528264 -0.84908 4.71871e-006 -0.528264 -0.84908 9.06968e-008 -0.528289 -0.849065 9.06968e-008 -0.528289 -0.849065 9.06968e-008 -0.528289 -0.849065 -3.78622e-008 -0.973547 -0.228485 -3.78622e-008 -0.973547 -0.228485 -3.78622e-008 -0.973547 -0.228485 1.02204e-005 -0.973533 -0.228545 1.02204e-005 -0.973533 -0.228545 1.02204e-005 -0.973533 -0.228545 1 -2.65715e-005 1.34329e-005 1 -2.65715e-005 1.34329e-005 1 -2.65715e-005 1.34329e-005 1 -7.48979e-008 1.53421e-007 1 -7.48979e-008 1.53421e-007 1 -7.48979e-008 1.53421e-007 -9.49579e-008 -0.990813 0.135236 -9.49579e-008 -0.990813 0.135236 -9.49579e-008 -0.990813 0.135236 3.29137e-007 -0.990814 0.135235 3.29137e-007 -0.990814 0.135235 3.29137e-007 -0.990814 0.135235 -1 4.51468e-005 -6.30522e-006 -1 4.51468e-005 -6.30522e-006 -1 4.51468e-005 -6.30522e-006 -1 -1.80553e-006 -1.92233e-005 -1 -1.80553e-006 -1.92233e-005 -1 -1.80553e-006 -1.92233e-005 9.49563e-008 0.990815 -0.135225 9.49563e-008 0.990815 -0.135225 9.49563e-008 0.990815 -0.135225 9.49563e-008 0.990815 -0.135225 0.718902 -0.0681979 -0.691758 0.718902 -0.0681979 -0.691758 0.718902 -0.068198 -0.691758 0.718898 -0.0682074 -0.691761 0.718898 -0.0682074 -0.691761 0.718898 -0.0682074 -0.691761 -0.568235 -0.080732 -0.818897 -0.568235 -0.080732 -0.818897 -0.568235 -0.080732 -0.818897 -0.568235 -0.0807304 -0.818896 -0.568235 -0.0807304 -0.818896 -0.568235 -0.0807304 -0.818896 -1.95657e-006 -0.0981127 -0.995175 -1.95657e-006 -0.0981127 -0.995175 -1.95657e-006 -0.0981127 -0.995175 1.45332e-007 -0.0981237 -0.995174 1.45332e-007 -0.0981237 -0.995174 1.45332e-007 -0.0981237 -0.995174 1.45333e-007 -0.0981107 -0.995175 1.45333e-007 -0.0981107 -0.995175 1.45333e-007 -0.0981107 -0.995175 1.45333e-007 -0.0981107 -0.995175 1.45333e-007 -0.0981107 -0.995175 1.45333e-007 -0.0981107 -0.995175 -3.49163e-008 0.0980667 0.99518 -3.49163e-008 0.0980667 0.99518 -3.49163e-008 0.0980666 0.99518 4.88575e-007 0.0980758 0.995179 4.88575e-007 0.0980757 0.995179 4.88575e-007 0.0980757 0.995179 -4.75794e-006 0.990825 -0.13515 -4.75794e-006 0.990825 -0.13515 -4.75794e-006 0.990825 -0.13515 -5.26609e-006 0.990824 -0.135159 -5.26609e-006 0.990824 -0.135159 -5.26609e-006 0.990824 -0.135159 0.97335 0.0225019 0.228216 0.97335 0.0225019 0.228216 0.97335 0.0225019 0.228216 0.97335 0.0225041 0.228217 0.97335 0.0225041 0.228217 0.97335 0.0225041 0.228217 -0.979208 0.0199048 0.201878 -0.979208 0.0199048 0.201878 -0.979208 0.0199048 0.201878 -0.979208 0.0199044 0.201878 -0.979208 0.0199044 0.201878 -0.979208 0.0199044 0.201878 -4.75797e-006 0.990812 -0.135248 -4.75797e-006 0.990812 -0.135248 -4.75797e-006 0.990812 -0.135248 -4.65152e-006 0.990812 -0.13525 -4.65152e-006 0.990811 -0.13525 -4.65152e-006 0.990812 -0.13525 0.973353 -0.0225032 -0.228206 0.973353 -0.0225032 -0.228206 0.973353 -0.0225032 -0.228206 0.973354 -0.0224977 -0.228202 0.973354 -0.0224977 -0.228202 0.973354 -0.0224976 -0.228202 -0.97921 -0.0199034 -0.20187 -0.97921 -0.0199034 -0.20187 -0.97921 -0.0199034 -0.20187 -0.97921 -0.019901 -0.201868 -0.97921 -0.019901 -0.201868 -0.97921 -0.019901 -0.201868 -4.65152e-006 0.99081 -0.13526 -4.65152e-006 0.99081 -0.13526 -4.65152e-006 0.99081 -0.13526 -4.75797e-006 0.99081 -0.135262 -4.75797e-006 0.99081 -0.135262 -4.75797e-006 0.99081 -0.135262 0.718917 0.0681657 0.691746 0.718917 0.0681657 0.691746 0.718917 0.0681657 0.691746 0.718898 0.0682073 0.691761 0.718898 0.0682073 0.691761 0.718898 0.0682073 0.691761 -0.568248 0.0807024 0.81889 -0.568248 0.0807024 0.81889 -0.568248 0.0807024 0.81889 -0.568231 0.0807414 0.818898 -0.568231 0.0807414 0.818898 -0.568231 0.0807414 0.818898 -4.62933e-007 0.990823 -0.135165 -4.62933e-007 0.990823 -0.135165 -4.62933e-007 0.990823 -0.135165 -1.34147e-005 0.990834 -0.135086 -1.34147e-005 0.990834 -0.135086 -1.34147e-005 0.990834 -0.135086 9.49478e-008 0.990823 -0.135166 9.49478e-008 0.990823 -0.135166 9.49478e-008 0.990823 -0.135166 -4.7579e-006 0.990819 -0.135198 -4.7579e-006 0.990819 -0.135198 -4.7579e-006 0.990819 -0.135198 -5.45994e-007 -0.990815 0.135225 -5.50662e-007 -0.990815 0.135224 -3.27477e-007 -0.990814 0.135231 -3.22809e-007 -0.990814 0.135232 -4.55353e-007 0.990814 -0.135232 7.73312e-008 0.990816 -0.135216 6.61895e-008 0.990816 -0.135216 -4.66495e-007 0.990814 -0.135233 6.63482e-009 0.135224 0.990815 6.01644e-008 0.135224 0.990815 -2.2579e-008 0.135224 0.990815 -7.61086e-008 0.135224 0.990815 1 2.08328e-008 1.40355e-007 1 2.08328e-008 1.40355e-007 1 2.0833e-008 1.40357e-007 1 2.08331e-008 1.40357e-007 -9.97691e-008 -0.135224 -0.990815 -2.62213e-007 -0.135224 -0.990815 -1.11153e-008 -0.135224 -0.990815 1.51328e-007 -0.135224 -0.990815 -1 -2.08329e-008 -1.40356e-007 -1 -2.08329e-008 -1.40356e-007 -1 -2.08329e-008 -1.40355e-007 -1 -2.08329e-008 -1.40355e-007 -2.02576e-006 -1 -6.13463e-007 -0.707105 -0.707109 -3.43883e-007 -0.672366 -0.71851 -0.177951 2.29033e-005 -0.974486 -0.22445 -1 4.1603e-007 -9.71866e-008 -0.997936 -0.0570013 -0.0295631 -0.707102 0.707112 -3.1535e-007 -0.728694 0.664626 0.16516 -1.83966e-007 1 -5.8493e-007 -0.000231809 0.968414 0.249348 0.707103 0.70711 -2.83846e-007 0.728676 0.664557 0.165512 1 -1.63818e-006 -1.51246e-007 0.997927 -0.0571194 -0.0296436 0.707105 -0.707109 -5.12111e-007 0.672367 -0.718488 -0.178041 -2.02576e-006 -1 -6.13463e-007 2.29033e-005 -0.974486 -0.22445 -0.642995 -0.412295 -0.645423 0.00231605 -0.532824 -0.846223 -0.991076 -0.0959375 -0.0925457 -0.77127 0.300562 0.561074 -0.00363601 0.503105 0.864218 0.770124 0.292762 0.566745 0.990593 -0.0931989 -0.100197 0.642807 -0.406488 -0.649281 0.00231605 -0.532824 -0.846223 -0.772159 -0.411357 -0.48431 0.014758 -0.64748 -0.76194 -0.983854 0.0488415 0.172177 -0.612105 0.437676 0.658611 -0.00179983 0.57332 0.819329 0.612023 0.44229 0.655596 0.984895 0.0520466 0.165143 0.767824 -0.418313 -0.485242 0.014758 -0.64748 -0.76194 -0.715734 -0.697875 0.0263574 0.00774956 -0.997063 0.0761862 -0.997105 0.0756142 -0.00799996 -0.643574 0.765303 0.0110995 7.13081e-008 0.999729 0.0232659 0.643575 0.765302 0.0110983 0.997105 0.075615 -0.00800368 0.710874 -0.702533 0.0332379 0.00774956 -0.997063 0.0761862 -0.785786 -0.400488 0.471328 0.00447037 -0.643451 0.765474 -0.989743 0.0638804 -0.127778 -0.653588 0.475296 -0.588997 -0.000953693 0.649469 -0.760387 0.653596 0.477801 -0.586957 0.990321 0.0648142 -0.122735 0.786204 -0.407248 0.464793 0.00447037 -0.643451 0.765474 -0.639672 -0.111621 0.7605 0.00312407 -0.126685 0.991938 -0.998102 -0.056256 -0.025064 -0.624058 -0.00353688 -0.78137 -0.00107375 0.00912761 -0.999958 0.623416 -0.0072938 -0.781857 0.998232 -0.0557333 -0.0206376 0.639742 -0.103774 0.761552 0.00312407 -0.126685 0.991938 -0.604577 -0.0925178 0.791155 -0.000106829 -0.081214 0.996697 -0.993226 -0.109088 0.040013 -0.631769 -0.0930473 -0.769552 -8.17424e-005 -0.0808797 -0.996724 0.631496 -0.0937359 -0.769693 0.993115 -0.110176 0.0398026 0.604428 -0.0931712 0.791193 -0.000106829 -0.081214 0.996697 -9.47675e-008 -0.990994 0.133907 -9.47675e-008 -0.990994 0.133907 -9.47675e-008 -0.990994 0.133907 -9.47675e-008 -0.990994 0.133907 -2.90143e-006 -0.496498 0.868038 -2.90143e-006 -0.496498 0.868038 -2.90143e-006 -0.496498 0.868038 -1.70362e-007 -0.496486 0.868045 -1.70362e-007 -0.496486 0.868045 -1.70362e-007 -0.496486 0.868045 -1 7.48979e-008 -1.53421e-007 -1 7.48979e-008 -1.53421e-007 -1 7.48979e-008 -1.53421e-007 -1 7.48979e-008 -1.53421e-007 -1 7.48979e-008 -1.53421e-007 -1 7.48979e-008 -1.53421e-007 -1.74965e-006 -0.709051 -0.705157 -1.74965e-006 -0.709051 -0.705157 -1.74965e-006 -0.709051 -0.705157 5.50781e-008 -0.709058 -0.70515 -2.99922e-006 0.133901 0.990995 -2.99922e-006 0.133901 0.990995 -2.99922e-006 0.133901 0.990995 -3.18799e-006 0.133901 0.990995 -3.18799e-006 0.133901 0.990995 -3.18799e-006 0.133901 0.990995 -1 7.48979e-008 -1.53421e-007 -1 7.48979e-008 -1.53421e-007 -2.7152e-006 -0.133901 -0.990995 -2.7152e-006 -0.133901 -0.990995 -2.7152e-006 -0.133901 -0.990995 1.42011e-007 -0.1339 -0.990995 -9.96085e-006 0.763408 0.645916 -9.96085e-006 0.763408 0.645916 -9.96085e-006 0.763408 0.645916 -4.19291e-008 0.763371 0.64596 -4.19291e-008 0.763371 0.64596 -4.19291e-008 0.763371 0.64596 -1 7.48979e-008 -1.53421e-007 -1 7.48979e-008 -1.53421e-007 -1 7.48979e-008 -1.53421e-007 -1 7.48979e-008 -1.53421e-007 1.68915e-007 0.56462 -0.825351 1.68915e-007 0.56462 -0.825351 1.68915e-007 0.56462 -0.825351 1.68915e-007 0.56462 -0.825351 9.47677e-008 0.990994 -0.133908 9.47677e-008 0.990994 -0.133909 9.47677e-008 0.990994 -0.133909 9.47677e-008 0.990994 -0.133909 1.53421e-007 5.8493e-007 -1 9.54195e-008 -0.499989 -0.866032 9.54197e-008 -0.499988 -0.866032 1.53421e-007 1.54079e-006 -1 1.18482e-008 -0.866022 -0.500005 1.18482e-008 -0.866022 -0.500005 -7.48997e-008 -1 1.19269e-005 -7.48997e-008 -1 1.19269e-005 -7.48997e-008 -1 1.19269e-005 -1.41574e-007 -0.866026 0.499999 -1.41574e-007 -0.866026 0.499999 -7.48997e-008 -1 1.19269e-005 1.73183e-006 -0.500008 0.866021 -1.70315e-007 -0.500011 0.866019 3.11987e-006 9.55861e-007 1 2.99483e-006 4.70797e-007 1 -9.54195e-008 0.499989 0.866032 1.68167e-006 0.499992 0.86603 -1.18482e-008 0.866022 0.500005 -1.1848e-008 0.866023 0.500004 7.48997e-008 1 -1.19269e-005 7.48999e-008 1 -1.2897e-005 1.41574e-007 0.866026 -0.499999 1.41574e-007 0.866026 -0.499999 1.70316e-007 0.500006 -0.866022 1.70316e-007 0.500006 -0.866022 -0.900693 -0.216834 -0.376477 -0.900074 -0.377226 -0.2181 -0.999992 -0.00399914 1.10878e-006 -0.899845 -0.43621 4.48432e-006 -0.900072 -0.377231 0.218099 -0.900695 -0.216837 0.376472 -0.901533 0.000520626 0.432711 -0.902359 0.215878 0.373021 -0.90296 0.372278 0.214646 -0.903179 0.429264 7.53094e-007 -0.90296 0.372282 -0.21464 -0.902362 0.21588 -0.373012 -0.901533 0.000516967 -0.432709 -9.50437e-008 3.32411e-006 1 -2.24314e-006 0.796813 0.604226 -0.523264 0.796822 0.302109 -0.866027 3.68144e-006 0.499998 -3.32103e-007 0.93465 -0.355568 0.307922 0.934654 -0.177782 -1.32355e-006 4.20864e-006 -1 0.866024 -7.49659e-007 -0.500002 3.32149e-008 -0.934651 -0.355567 0.307919 -0.934654 -0.177784 2.26993e-006 -0.796809 0.604232 -0.523268 -0.796819 0.30211 -9.50437e-008 3.32411e-006 1 -0.866027 3.68144e-006 0.499998 -0.523274 0.796814 -0.302112 -0.866026 -4.16518e-006 -0.499999 0.30792 0.934654 0.177784 0.866023 5.49197e-006 0.500004 0.307925 -0.934653 0.177782 -0.523272 -0.796817 -0.302108 -0.866026 -4.16518e-006 -0.499999 2.0335e-006 0.796809 -0.604231 2.40987e-007 -3.32411e-006 -1 6.86423e-008 0.934651 0.355568 -5.00245e-007 -5.00757e-006 1 4.47692e-007 -0.93465 0.355568 -1.38849e-006 -0.796813 -0.604226 2.40987e-007 -3.32411e-006 -1 0.523267 0.796819 -0.302112 0.866027 -3.16071e-006 -0.499997 -0.307918 0.934655 0.177784 -0.866024 -2.01092e-006 0.500002 -0.307923 -0.934653 0.177783 0.523265 -0.796822 -0.302105 0.866027 -3.16071e-006 -0.499997 0.523272 0.796817 0.302107 0.866025 -1.70552e-006 0.500001 0.523267 0.796819 -0.302112 -0.307918 0.934655 0.177784 -0.307925 0.934652 -0.177782 0.523272 0.796817 0.302107 -0.866022 -3.45898e-006 -0.500006 -0.307925 0.934652 -0.177782 -0.307917 -0.934655 -0.177783 -0.866022 -3.45898e-006 -0.500006 -0.307923 -0.934653 0.177783 0.523265 -0.796822 -0.302105 0.523274 -0.796816 0.302106 -0.307917 -0.934655 -0.177783 0.866025 -1.70552e-006 0.500001 0.523274 -0.796816 0.302106 0.866025 -1.70552e-006 0.500001 -0.866022 -3.45898e-006 -0.500006 0.866025 -1.70552e-006 0.500001 7.49006e-008 1 -1.78332e-005 1.69056e-007 0.308995 -0.951064 1.69056e-007 0.308995 -0.951064 -6.67077e-006 1 9.80114e-006 2.95869e-008 -0.80901 -0.587794 2.9587e-008 -0.80901 -0.587794 1.28745e-006 -0.809025 0.587775 -1.50771e-007 -0.809028 0.58777 5.67305e-007 0.309028 0.951053 -7.61608e-006 0.308987 0.951066 7.49006e-008 1 -1.78332e-005 -6.67077e-006 1 9.80114e-006 2.39717e-005 -1 -1.28399e-006 -1.94481e-006 -0.974485 -0.224453 0.672395 -0.718487 -0.177936 0.707094 -0.70712 -1.19691e-006 0.99794 -0.0569435 -0.0295385 1 2.36889e-005 -3.38608e-007 0.728693 0.66463 0.165146 0.707116 0.707097 -2.62444e-007 0.000245442 0.968418 0.249331 2.29312e-005 1 -5.2786e-007 -0.72866 0.66458 0.165492 -0.707101 0.707113 1.27817e-008 -0.99793 -0.0570659 -0.0296351 -1 2.42304e-005 -1.42963e-007 -0.672379 -0.718478 -0.178035 -0.707078 -0.707136 -8.36076e-007 -1.94481e-006 -0.974485 -0.224453 2.39717e-005 -1 -1.28399e-006 -0.0022952 -0.532826 -0.846222 0.642992 -0.412285 -0.645432 0.991073 -0.0959546 -0.0925578 0.771311 0.300574 0.561012 0.00365027 0.503076 0.864235 -0.770151 0.292783 0.566697 -0.99059 -0.0932242 -0.100206 -0.64279 -0.406489 -0.649297 -0.0022952 -0.532826 -0.846222 -0.014739 -0.647454 -0.761962 0.772189 -0.411331 -0.484284 0.983864 0.0488285 0.172123 0.612132 0.437656 0.658599 0.00180015 0.573323 0.819327 -0.612023 0.442286 0.6556 -0.9849 0.0520537 0.165113 -0.767816 -0.418311 -0.485258 -0.014739 -0.647454 -0.761962 -0.00774006 -0.997063 0.0761909 0.715735 -0.697875 0.0263608 0.997111 0.0755417 -0.00798113 0.643613 0.765271 0.0111048 1.69974e-006 0.999729 0.0232838 -0.643586 0.765293 0.0111044 -0.997109 0.0755674 -0.00798988 -0.710837 -0.702571 0.0332553 -0.00774006 -0.997063 0.0761909 -0.00445339 -0.643459 0.765467 0.785753 -0.400482 0.471387 0.98974 0.0638803 -0.127803 0.65356 0.47533 -0.588999 0.000972667 0.649452 -0.760402 -0.653575 0.477837 -0.586951 -0.99032 0.0648129 -0.122745 -0.786185 -0.407237 0.464835 -0.00445339 -0.643459 0.765467 -0.0031118 -0.126687 0.991938 0.639638 -0.11162 0.760529 0.998102 -0.0562599 -0.0250578 0.62402 -0.00353359 -0.7814 0.00109089 0.00912697 -0.999958 -0.623399 -0.00729323 -0.78187 -0.998233 -0.0557307 -0.020632 -0.639727 -0.103769 0.761565 -0.0031118 -0.126687 0.991938 0.000144453 -0.0812077 0.996697 0.604655 -0.0925213 0.791095 0.99323 -0.109078 0.0399521 0.631812 -0.0930604 -0.769515 0.000165445 -0.0808797 -0.996724 -0.63151 -0.0937382 -0.769681 -0.993118 -0.110167 0.0397395 -0.604457 -0.0931809 0.791169 0.000144453 -0.0812077 0.996697 -9.47654e-008 -0.990996 0.133892 -9.47654e-008 -0.990996 0.133892 -9.47654e-008 -0.990996 0.133892 -9.47654e-008 -0.990996 0.133892 -1.70363e-007 -0.496441 0.868071 -1.70363e-007 -0.496441 0.868071 -1.70363e-007 -0.496441 0.868071 5.29187e-006 -0.496465 0.868057 5.29187e-006 -0.496465 0.868057 5.29187e-006 -0.496465 0.868057 1 3.85511e-005 -5.0653e-006 1 3.85511e-005 -5.0653e-006 1 3.85511e-005 -5.0653e-006 1 3.21657e-006 -5.602e-006 1 3.21657e-006 -5.602e-006 1 3.21657e-006 -5.602e-006 5.50781e-008 -0.709058 -0.70515 5.50781e-008 -0.709058 -0.70515 5.50781e-008 -0.709058 -0.70515 3.6646e-006 -0.709044 -0.705164 3.6646e-006 -0.709044 -0.705164 3.6646e-006 -0.709044 -0.705164 4.6742e-008 0.133899 0.990995 4.67421e-008 0.133899 0.990995 4.6742e-008 0.133899 0.990995 5.57242e-006 0.133901 0.990995 5.57242e-006 0.133901 0.990995 5.57242e-006 0.133901 0.990995 1 -7.48979e-008 1.53421e-007 1 -7.48979e-008 1.53421e-007 1.42011e-007 -0.133899 -0.990995 1.42011e-007 -0.133899 -0.990995 1.42011e-007 -0.133899 -0.990995 5.85645e-006 -0.133901 -0.990995 -4.19276e-008 0.763377 0.645953 -4.19276e-008 0.763377 0.645953 -4.19276e-008 0.763377 0.645953 8.2663e-006 0.763408 0.645917 8.2663e-006 0.763408 0.645916 8.2663e-006 0.763408 0.645916 1 -7.48979e-008 1.53421e-007 1 -7.48979e-008 1.53421e-007 1.68916e-007 0.564594 -0.825369 1.68916e-007 0.564594 -0.825369 1.68916e-007 0.564594 -0.825369 1.68916e-007 0.564594 -0.825369 9.47659e-008 0.990995 -0.133896 9.47659e-008 0.990995 -0.133896 9.47659e-008 0.990995 -0.133896 9.47659e-008 0.990995 -0.133896 1.53422e-007 1.20981e-005 -1 1.53422e-007 1.21123e-005 -1 9.54207e-008 -0.499982 -0.866036 9.54207e-008 -0.499982 -0.866036 1.18482e-008 -0.866022 -0.500005 1.18485e-008 -0.866021 -0.500007 -7.48997e-008 -1 1.18841e-005 -7.48994e-008 -1 1.00009e-005 -7.48994e-008 -1 1.00009e-005 -7.48997e-008 -1 1.18841e-005 -1.41575e-007 -0.866019 0.500011 -1.41575e-007 -0.866019 0.500011 -1.70316e-007 -0.500002 0.866024 -3.97469e-006 -0.499995 0.866028 -6.44998e-006 -1.18413e-006 1 -6.70011e-006 -2.13998e-007 1 -3.64964e-006 0.499991 0.866031 -9.542e-008 0.499986 0.866033 -1.18482e-008 0.866022 0.500005 -1.18478e-008 0.866023 0.500004 7.48962e-008 1 1.09853e-005 7.48962e-008 1 1.09425e-005 1.41573e-007 0.866029 -0.499995 1.41573e-007 0.866029 -0.499994 1.70316e-007 0.499993 -0.866029 1.70316e-007 0.499994 -0.866029 0.900693 -0.216827 -0.37648 0.999992 -0.00398974 1.6236e-006 0.900075 -0.377224 -0.218097 0.899847 -0.436206 4.61063e-006 0.900073 -0.377226 0.218102 0.900692 -0.216835 0.376478 0.90153 0.00051813 0.432716 0.902355 0.215881 0.37303 0.902954 0.37229 0.214648 0.903171 0.429281 4.10467e-006 0.902956 0.372289 -0.214642 0.902357 0.21588 -0.373025 0.90153 0.000526551 -0.432717 4.11541e-006 -3.63798e-005 1 0.866026 -1.67282e-005 0.5 0.523275 0.796814 0.302111 5.64816e-006 0.796799 0.604245 -0.307981 0.93463 -0.177805 5.35542e-006 0.934644 -0.355585 -0.866025 -6.45496e-006 -0.5 -1.33081e-005 -4.54391e-005 -1 -0.307934 -0.934649 -0.177784 -3.0874e-006 -0.934657 -0.35555 0.523279 -0.79681 0.302114 3.67221e-006 -0.796821 0.604215 0.866026 -1.67282e-005 0.5 4.11541e-006 -3.63798e-005 1 0.866026 1.54643e-005 -0.499998 0.523286 0.796807 -0.302109 -0.307919 0.934651 0.177801 -0.866034 1.63288e-005 0.499985 -0.307985 -0.934631 0.177795 0.523273 -0.796814 -0.302113 0.866026 1.54643e-005 -0.499998 1.84636e-006 -2.43959e-006 -1 -8.3088e-008 0.796794 -0.604251 -8.29289e-006 0.934663 0.355536 -4.29947e-006 -4.2172e-005 1 2.57503e-006 -0.934651 0.355566 2.1621e-006 -0.796812 -0.604227 1.84636e-006 -2.43959e-006 -1 -0.866023 1.5109e-005 -0.500004 -0.52328 0.79681 -0.302112 0.307891 0.934663 0.177787 0.866023 -5.77863e-006 0.500005 0.30795 -0.934641 0.177799 -0.52327 -0.796816 -0.302114 -0.866023 1.5109e-005 -0.500004 -0.866023 -2.01651e-005 0.500004 -0.523275 0.796814 0.30211 -0.52328 0.79681 -0.302112 -0.523275 0.796814 0.30211 0.307956 0.934638 -0.177808 0.307891 0.934663 0.177787 0.307956 0.934638 -0.177808 0.866016 -5.58603e-006 -0.500017 0.866016 -5.58603e-006 -0.500017 0.307908 -0.934659 -0.177778 0.30795 -0.934641 0.177799 0.307908 -0.934659 -0.177778 -0.523276 -0.796814 0.302107 -0.52327 -0.796816 -0.302114 -0.523276 -0.796814 0.302107 -0.866023 -2.01651e-005 0.500004 -0.866023 -2.01651e-005 0.500004 0.866016 -5.58603e-006 -0.500017 -0.866023 -2.01651e-005 0.500004 7.48997e-008 1 -1.17129e-005 6.8205e-006 1 1.62639e-005 1.69056e-007 0.308993 -0.951064 1.69056e-007 0.308993 -0.951064 2.95796e-008 -0.809036 -0.587759 2.95795e-008 -0.809036 -0.587759 -1.50773e-007 -0.809011 0.587793 -1.58906e-006 -0.809008 0.587798 7.37054e-006 0.30898 0.951068 -8.12954e-007 0.309022 0.951055 6.8205e-006 1 1.62639e-005 7.48997e-008 1 -1.17129e-005 </float_array>
          <technique_common>
            <accessor count="1061" offset="0" source="#meshId0-normals-array" stride="3">
              <param name="X" type="float" />
              <param name="Y" type="float" />
              <param name="Z" type="float" />
            </accessor>
          </technique_common>
        </source>
        <source id="meshId0-tangents" name="meshId0-tangents">
          <float_array id="meshId0-tangents-array" count="3183"> -9.88267e-006 0.267396 0.963587 -0.523359 0.329926 0.785649 -0.337137 0.448776 0.827611 -0.485441 0.347786 0.802117 -0.268826 0.227048 0.936046 0.0253453 -0.0846622 0.996087 0.309719 -0.375442 0.873566 0.502809 -0.469725 0.725631 -0.0473268 0.697094 0.715416 0.230356 0.853171 0.468011 -0.863518 0.159531 0.478421 -0.625726 0.267471 0.732752 -0.805188 0.344184 0.482917 -0.481564 0.321645 0.815255 0.0260891 -0.110991 0.993479 0.469458 -0.526168 0.709053 0.720603 -0.617776 0.314777 -0.181142 0.69785 0.69296 0.180886 0.958518 0.220279 -0.969393 -0.0927817 0.227308 -0.721919 0.0118699 0.691876 -0.949534 0.271622 0.156866 -0.619286 0.430467 0.656645 0.00797488 -0.124746 0.992157 0.524626 -0.642637 0.558377 0.735912 -0.677018 0.00900948 -0.12631 0.640274 0.75769 0.0341214 0.990916 0.130082 0.00080193 -0.805916 0.59203 0.000386816 -0.806961 0.590604 0.000103739 -0.125823 0.992053 0.00225622 -0.126132 0.992011 -5.43546e-007 -0.992052 -0.125831 -4.93622e-013 -0.992052 -0.125824 -0.00029438 -0.632552 -0.774518 0.000114718 -0.633967 -0.77336 8.9652e-006 0.125835 -0.992051 0.000127957 0.125824 -0.992052 0.000296374 0.805843 -0.592129 7.08345e-013 0.806933 -0.590643 -0.0481886 0.991656 0.119564 1.67333e-007 0.992052 0.125825 -0.00117514 0.633928 0.773391 -0.00336697 0.992047 0.125824 -0.435941 -0.862006 -0.258651 -0.13917 -0.933532 -0.330378 -0.188365 -0.894651 -0.405115 -0.479671 -0.834653 -0.270683 -0.64734 0.716886 0.258893 -0.674609 0.690093 0.262058 -0.285768 0.828025 0.482402 -0.22345 0.885073 0.408309 -0.999995 -0.00322359 -0.000304656 -0.999999 -0.00146944 -0.000138962 -0.92686 0.0210279 -0.374819 -0.928937 0.0185337 -0.369774 -0.999903 -0.0138606 -0.00130941 -0.999888 -0.0148719 -0.00140494 -0.960256 -0.0346367 0.276962 -0.959365 -0.0338376 0.280131 -0.926899 -0.0236873 0.374563 -0.929013 -0.0234274 0.369306 -0.960181 0.0417153 -0.276246 -0.959277 0.0422139 -0.279296 -0.999966 -0.00104015 0.00819919 -0.999995 -0.000408906 0.00321127 -0.999976 -0.000863455 0.00680828 -0.99995 -0.00125412 0.00988848 -0.000385157 -0.999859 -0.016805 -0.190547 -0.953299 0.234334 -0.112292 -0.988412 0.10214 -0.000436148 -0.983594 -0.180397 -0.191739 0.963327 -0.187713 -0.307704 0.884074 -0.351754 -0.000530851 0.999657 -0.0261805 -0.000491506 0.979032 0.203704 -0.999999 -0.000215012 0.00169506 -0.999995 0.000393986 -0.00310677 -0.999997 -0.000296508 0.00232514 -0.999998 -0.000247675 0.00193547 -0.505259 -0.854383 0.121424 -0.406229 -0.91033 0.0792271 -0.664243 0.736713 -0.126628 -0.75973 0.629667 -0.162266 -0.999999 -0.000183176 0.00144468 -0.999926 0.00153521 -0.0121038 -0.999994 0.000452466 -0.003567 -0.999978 -0.000836815 0.00659824 5.97938e-008 0.995363 0.096185 5.9792e-008 0.995362 0.0961959 5.97945e-008 0.995364 0.0961809 5.97957e-008 0.995365 0.0961729 -0.999556 0.00374924 -0.0295602 -0.999556 0.00374773 -0.0295483 -0.999556 0.00374802 -0.0295505 -0.999556 0.00374953 -0.0295624 -5.01534e-008 -0.987858 -0.155357 -5.01513e-008 -0.987856 -0.15537 -5.01547e-008 -0.98786 -0.15535 -5.01573e-008 -0.987862 -0.155334 0.999555 0.00375241 -0.0295861 0.999555 0.00375191 -0.0295821 0.999555 0.00375198 -0.0295826 0.999555 0.00375248 -0.0295866 2.82164e-005 0.267336 0.963603 -0.523365 0.3299 0.785656 -0.337123 0.448813 0.827596 -0.485429 0.347749 0.802141 -0.268807 0.227069 0.936046 0.0253673 -0.0847053 0.996083 0.309708 -0.37547 0.873558 0.502836 -0.469734 0.725607 -0.0473437 0.697053 0.715455 0.230446 0.853121 0.468058 -0.863517 0.159535 0.478421 -0.625734 0.267499 0.732735 -0.805194 0.344185 0.482907 -0.481516 0.321659 0.815278 0.0261122 -0.110998 0.993477 0.469471 -0.526183 0.709033 0.72062 -0.617763 0.314762 -0.181161 0.697858 0.692946 0.180898 0.958517 0.220276 -0.942574 -0.0103713 0.333837 -0.710289 0.119341 0.69372 -0.925758 0.251835 0.282047 -0.612337 0.354771 0.706527 0.00783268 -0.123609 0.9923 0.517964 -0.59279 0.616695 0.733412 -0.67031 0.113099 -0.258066 0.663581 0.702184 0.0819661 0.985708 0.14718 0.000715482 -0.520129 0.854087 0.000715482 -0.520129 0.854087 0.000715482 -0.520129 0.854087 0.00101923 -0.520129 0.854087 0.00101923 -0.520129 0.854087 0.00101923 -0.520129 0.854087 -6.15963e-013 -0.971353 0.237643 -6.14007e-013 -0.971353 0.237643 -6.15962e-013 -0.971352 0.237643 -6.14007e-013 -0.971353 0.237643 -1.37278e-012 -0.881274 -0.472605 -1.37278e-012 -0.881274 -0.472605 -1.37278e-012 -0.881274 -0.472605 -1.37278e-012 -0.881274 -0.472605 0.000233555 -0.290468 -0.956885 0.000233555 -0.290468 -0.956885 0.000233555 -0.290468 -0.956885 -7.02168e-005 -0.290468 -0.956885 -7.02168e-005 -0.290468 -0.956885 -7.02168e-005 -0.290468 -0.956885 1.48718e-013 0.520191 -0.85405 1.48246e-013 0.520191 -0.85405 1.48246e-013 0.520191 -0.85405 1.48246e-013 0.520191 -0.85405 5.10475e-014 0.971355 -0.237632 4.69309e-014 0.971355 -0.237632 5.25916e-014 0.971355 -0.237632 4.49755e-014 0.971355 -0.237632 -0.00200407 0.881267 0.472615 -0.00200407 0.881267 0.472614 -0.00200407 0.881267 0.472615 -0.013559 0.881188 0.472572 -0.013559 0.881188 0.472572 -0.013559 0.881188 0.472572 0.00318214 0.290476 0.956877 -0.000549959 0.290478 0.956882 -0.000136829 0.290478 0.956882 0.00359527 0.290476 0.956876 -0.315923 -0.866923 -0.385536 -0.315923 -0.866923 -0.385535 -0.315923 -0.866923 -0.385535 -0.393891 -0.799154 -0.454096 -0.393891 -0.799154 -0.454096 -0.393891 -0.799154 -0.454096 -0.581683 0.685348 0.438112 -0.604232 0.657595 0.44997 -0.562429 0.707546 0.427847 -0.538397 0.733494 0.414867 -0.999995 -0.00322362 -0.000304386 -0.999999 -0.00146945 -0.000138838 -0.99991 -0.0133432 -0.00125941 -0.999885 -0.0150972 -0.00142494 -0.999903 -0.0138607 -0.00130825 -0.999888 -0.014872 -0.00140369 -0.999968 -0.00802619 -0.000757621 -0.999975 -0.00701479 -0.000662172 -0.999944 0.0105213 0.000992772 -0.999944 0.0105213 0.000992772 -0.999944 0.0105213 0.000992772 -0.999885 0.0150777 0.00142278 -0.999885 0.0150777 0.00142278 -0.999885 0.0150777 0.00142278 -0.999971 -0.000957957 0.00755338 -0.999995 -0.000407197 0.00321095 -0.999977 -0.000855557 0.00674601 -0.99995 -0.00125409 0.0098882 -0.99995 -0.00125409 0.0098882 -0.99995 -0.00125409 0.0098882 -0.0828185 -0.968384 0.235317 -0.0828186 -0.968384 0.235317 -0.0828185 -0.968384 0.235317 0.00407842 -0.993921 -0.110019 0.00407842 -0.993921 -0.110019 0.00407842 -0.993921 -0.110019 -0.106814 0.913335 -0.392951 -0.106814 0.913335 -0.392951 -0.106814 0.913335 -0.392951 0.00366732 0.993883 0.110375 0.00366732 0.993883 0.110375 0.00366732 0.993883 0.110375 -0.999999 -0.000214753 0.00169364 -0.999995 0.000394213 -0.00310771 -0.999999 -0.000173709 0.00137003 -0.999998 -0.00024541 0.00193535 -0.0057893 -0.993151 -0.116697 -0.0057893 -0.993151 -0.116697 -0.0057893 -0.993151 -0.116697 -0.0668945 -0.93357 -0.352096 -0.0668945 -0.93357 -0.352096 -0.0668945 -0.93357 -0.352096 -0.00610969 0.992608 0.121214 -0.00610969 0.992608 0.121214 -0.00610969 0.992608 0.121214 -0.0761911 0.901076 0.426915 -0.0761911 0.901076 0.426915 -0.0761911 0.901076 0.426915 -0.413942 -0.853147 0.317477 -0.413942 -0.853147 0.317477 -0.413942 -0.853147 0.317477 -0.231997 -0.963717 0.132007 -0.231997 -0.963717 0.132007 -0.231997 -0.963717 0.132007 -0.676763 0.633715 -0.374696 -0.676763 0.633715 -0.374696 -0.676763 0.633715 -0.374696 -0.420658 0.887908 -0.18619 -0.420658 0.887908 -0.18619 -0.420658 0.887908 -0.18619 -0.999999 -0.000183159 0.00144454 -0.999926 0.00153543 -0.0121055 -0.999992 0.000511753 -0.00403444 -0.999978 -0.000836738 0.00659764 -0.999978 -0.000836738 0.00659763 -0.999978 -0.000836738 0.00659763 5.97915e-008 0.995362 0.0961993 5.97885e-008 0.99536 0.0962182 5.97927e-008 0.995363 0.0961921 5.97949e-008 0.995364 0.0961783 -0.999556 0.00374816 -0.0295517 -0.999556 0.00374816 -0.0295517 -0.999556 0.00374816 -0.0295517 -0.999556 0.00374996 -0.0295658 -0.999556 0.00374996 -0.0295658 -0.999556 0.00374996 -0.0295658 -5.01475e-008 -0.987853 -0.155393 -5.01475e-008 -0.987853 -0.155393 -5.01475e-008 -0.987853 -0.155393 -5.01558e-008 -0.987861 -0.155343 -5.01558e-008 -0.987861 -0.155343 -5.01558e-008 -0.987861 -0.155343 0.999555 0.00375204 -0.0295831 0.999555 0.00375153 -0.0295791 0.999555 0.0037516 -0.0295796 0.999555 0.0037521 -0.0295836 -0.999991 0.000549537 -0.00433234 -0.999991 0.000549539 -0.00433236 -0.999991 0.000549452 -0.00433167 -0.99999 0.00054945 -0.00433166 -0.99999 -0.000549744 0.00433485 -0.99999 -0.000549743 0.00433485 -0.99999 -0.000549743 0.00433485 -0.999991 -0.000549744 0.00433485 -0.99999 -0.00433489 -0.000549802 -0.99999 -0.004335 -0.000549844 -0.99999 -0.00433482 -0.000549779 -0.999991 -0.0043347 -0.000549737 5.40586e-008 0.991305 0.131585 5.40587e-008 0.991305 0.131585 5.40586e-008 0.991305 0.131585 5.40586e-008 0.991305 0.131585 -0.99999 0.0043333 0.000549604 -0.999991 0.0043323 0.00054945 -0.99999 0.00433385 0.000549688 -0.999991 0.00433485 0.000549842 -1.61807e-007 -0.121472 0.992595 -1.61807e-007 -0.121472 0.992595 -1.61806e-007 -0.121493 0.992592 -1.61806e-007 -0.121493 0.992592 1.19426e-006 -0.142673 -0.98977 0.519187 0.348404 -0.780423 0.357659 0.447366 -0.819722 0.46846 0.337362 -0.816536 0.239625 0.201725 -0.949677 0.00632882 -0.144879 -0.989429 -0.239257 -0.44949 -0.860648 -0.467521 -0.547214 -0.694249 -0.518901 -0.543179 -0.660074 -0.345095 -0.634107 -0.691967 0.871304 0.242488 -0.426649 0.771818 0.349029 -0.531484 0.77316 0.391064 -0.499292 0.391696 0.344381 -0.853215 0.0243828 -0.148254 -0.988649 -0.434307 -0.525195 -0.731811 -0.786433 -0.480639 -0.387956 -0.869477 -0.333617 -0.364294 -0.758706 -0.475246 -0.44554 0.987316 0.0110844 -0.158377 0.926486 0.069065 -0.369937 0.931665 0.319825 -0.172373 0.26092 0.535814 -0.803009 0.0163072 -0.137301 -0.990395 -0.255238 -0.733074 -0.630441 -0.888529 -0.454787 -0.0606997 -0.991309 -0.0998761 -0.0856172 -0.939689 -0.162366 -0.301035 0.00149312 0.780695 0.62491 0.00177357 0.779391 0.626536 0.00170609 0.135221 0.990814 0.0499734 0.141419 0.988688 -0.00772406 0.990922 -0.134216 0.00984649 0.990762 -0.135257 0.028928 0.582653 -0.812206 0.00373102 -0.135255 -0.990804 -0.00390975 -0.779307 -0.62663 0.0235961 -0.990104 0.138337 0.00635112 -0.990803 0.135165 0.0159533 -0.582738 0.812504 0.0159395 -0.58292 0.812373 -0.0326243 0.131053 0.990838 0.0156831 0.135205 0.990694 -9.83613e-008 -0.987253 0.159158 -9.83671e-008 -0.987247 0.159198 -9.83525e-008 -0.987263 0.159095 -9.83485e-008 -0.987268 0.159067 -0.999709 0.00326371 0.0239119 -0.999708 0.00326645 0.023932 -0.999708 0.00326553 0.0239253 -0.999709 0.00326279 0.0239052 9.15084e-008 0.993787 -0.1113 9.15085e-008 0.993787 -0.111301 9.1508e-008 0.993787 -0.111298 9.15078e-008 0.993787 -0.111297 0.999709 0.00326392 0.0239175 0.999709 0.00326376 0.0239164 0.999709 0.00326381 0.0239167 0.999709 0.00326396 0.0239178 0.343563 -0.830265 0.438889 0.1326 -0.931408 0.338964 0.179513 -0.892462 0.413867 0.372929 -0.80199 0.466622 0.646984 0.711453 -0.27431 0.67546 0.683239 -0.277378 0.278189 0.822493 -0.4961 0.221939 0.875993 -0.428228 0.999903 -0.0138759 0.00136848 0.999903 -0.0138839 0.00136927 0.999904 -0.0138249 0.00136345 0.999904 -0.0138169 0.00136266 0.999755 -0.0220492 0.00217441 0.999755 -0.0220298 0.0021725 0.955058 -0.052207 -0.291784 0.953804 -0.0526524 -0.295781 0.9998 0.0199146 -0.00196456 0.9998 0.0199197 -0.00196512 0.955109 0.0496999 0.292056 0.953855 0.050118 0.296056 0.99975 -0.00301562 -0.0221349 0.999761 -0.00294918 -0.0216466 0.9998 -0.00269998 -0.0198238 0.99981 -0.00263094 -0.0193211 0.000472202 -0.999932 0.0116371 0.197715 -0.943513 -0.265881 0.125464 -0.982603 -0.136933 0.000422277 -0.984605 0.174796 0.165583 0.973282 0.159075 0.262501 0.916714 0.301211 0.000350323 0.99967 -0.0257005 0.00058756 0.975817 -0.218589 0.99977 -0.00289701 -0.0212636 0.999844 -0.0023871 -0.0175207 0.999766 -0.00292118 -0.0214351 0.99975 -0.00301805 -0.0221513 0.425934 -0.829685 -0.360837 0.360776 -0.887255 -0.287437 0.614334 0.780332 0.116939 0.703066 0.695108 0.150078 0.99991 -0.00181324 -0.0132866 0.999853 -0.00230198 -0.0169739 0.999856 -0.00228834 -0.0167997 0.999778 -0.00284829 -0.0208713 3.74368e-006 -0.142696 -0.989767 0.519231 0.348313 -0.780434 0.357713 0.447299 -0.819735 0.468509 0.337409 -0.816489 0.239634 0.201784 -0.949663 0.00632311 -0.144917 -0.989424 -0.23928 -0.449559 -0.860605 -0.467565 -0.54722 -0.694214 -0.518932 -0.54308 -0.660132 -0.345122 -0.633991 -0.692059 0.871327 0.242457 -0.42662 0.771847 0.348978 -0.531476 0.77318 0.391087 -0.499243 0.391639 0.344509 -0.85319 0.0243863 -0.148234 -0.988652 -0.434272 -0.52528 -0.731771 -0.786445 -0.480659 -0.387907 -0.86949 -0.333569 -0.364306 -0.758718 -0.475193 -0.445577 0.959582 0.0971703 -0.264123 0.901004 0.190473 -0.389757 0.904971 0.296694 -0.304958 0.474385 0.40315 -0.782578 0.0304185 -0.143226 -0.989222 -0.482391 -0.592998 -0.644712 -0.865207 -0.464241 -0.189468 -0.963343 -0.211072 -0.16559 -0.914354 -0.286378 -0.286261 0.00157866 0.480985 0.876728 0.00157866 0.480985 0.876728 0.00157866 0.480985 0.876728 0.00170545 0.481038 0.876698 0.00170545 0.481038 0.876698 0.00170545 0.481038 0.876698 0.00177221 0.959589 0.2814 0.00177221 0.959589 0.2814 0.00177221 0.959589 0.2814 0.00170864 0.959581 0.281427 0.00170864 0.959581 0.281427 0.00170864 0.959581 0.281427 -0.0125281 0.849055 -0.528156 0.0195112 0.84896 -0.528097 0.0159651 0.849013 -0.52813 -0.0160743 0.849012 -0.52813 0.113393 0.226889 -0.967297 0.0242668 0.228295 -0.97329 0.0347538 0.228224 -0.972988 0.12381 0.226605 -0.966085 -0.00731793 -0.480882 -0.876755 -0.00731793 -0.480882 -0.876755 -0.00731793 -0.480882 -0.876755 -0.10894 -0.478033 -0.87156 -0.10894 -0.478033 -0.87156 -0.10894 -0.478033 -0.87156 -0.00319772 -0.959594 -0.281371 -0.00319772 -0.959594 -0.281371 -0.00319772 -0.959594 -0.281371 0.0324702 -0.959093 -0.281224 0.0324702 -0.959093 -0.281224 0.0324702 -0.959093 -0.281224 0.0148027 -0.848987 0.528206 0.0148027 -0.848987 0.528206 0.0148027 -0.848987 0.528206 0.0147076 -0.848973 0.528232 0.0147076 -0.848973 0.528232 0.0147076 -0.848973 0.528232 0.0145793 -0.228461 0.973444 0.0145793 -0.228461 0.973444 0.0145793 -0.228461 0.973444 0.0147889 -0.22852 0.973427 0.0147889 -0.22852 0.973427 0.0147889 -0.22852 0.973427 -2.83712e-005 -0.987244 0.159212 -2.83712e-005 -0.987244 0.159212 -2.83712e-005 -0.987244 0.159212 -9.83517e-008 -0.987264 0.15909 -9.83517e-008 -0.987264 0.15909 -9.83517e-008 -0.987264 0.15909 -0.999708 0.00326654 0.0239319 -0.999708 0.00326654 0.0239319 -0.999708 0.00326654 0.0239319 -0.999709 0.00326292 0.0239086 -0.999709 0.00326292 0.0239086 -0.999709 0.00326292 0.0239086 4.55681e-005 0.993785 -0.111315 4.55681e-005 0.993785 -0.111315 4.55681e-005 0.993785 -0.111315 3.45864e-007 0.993783 -0.111332 3.45864e-007 0.993783 -0.111332 3.45864e-007 0.993783 -0.111332 0.999709 0.00326394 0.0239162 0.999709 0.00326394 0.0239162 0.999709 0.00326394 0.0239162 0.999709 0.00326413 0.0239176 0.296575 -0.869957 0.393978 0.296575 -0.869957 0.393978 0.296575 -0.869957 0.393978 0.372906 -0.802006 0.466612 0.372906 -0.802006 0.466612 0.372906 -0.802006 0.466612 0.595336 0.646669 -0.476858 0.595336 0.646669 -0.476858 0.595336 0.646669 -0.476858 0.522302 0.733616 -0.43475 0.522302 0.733616 -0.43475 0.522302 0.733616 -0.43475 0.999903 -0.0138837 0.0013668 0.999903 -0.0138837 0.0013668 0.999903 -0.0138837 0.0013668 0.999904 -0.013817 0.00136249 0.999904 -0.013817 0.00136249 0.999904 -0.013817 0.00136249 0.999755 -0.0220303 0.00217203 0.999755 -0.0220303 0.00217203 0.999755 -0.0220303 0.00217203 0.999751 -0.0221929 0.00218806 0.999751 -0.0221929 0.00218806 0.999751 -0.0221929 0.00218806 0.9998 0.0199162 -0.00196254 0.9998 0.0199162 -0.00196254 0.9998 0.0199162 -0.00196254 0.999802 0.019779 -0.00194973 0.999802 0.019779 -0.00194973 0.999803 0.019779 -0.00194973 0.9998 -0.0027003 -0.0198318 0.9998 -0.0027003 -0.0198318 0.9998 -0.00270029 -0.0198318 0.99981 -0.00262995 -0.0193185 0.99981 -0.00262995 -0.0193185 0.99981 -0.00262995 -0.0193185 0.0849949 -0.959695 -0.267882 0.0849949 -0.959695 -0.267882 0.0849949 -0.959695 -0.267882 -0.00171606 -0.994431 0.105378 -0.00171606 -0.994431 0.105378 -0.00171606 -0.994431 0.105378 0.0861943 0.941697 0.325235 0.0861943 0.941697 0.325235 0.0861943 0.941697 0.325235 -0.00732388 0.991057 -0.133239 -0.00732387 0.991057 -0.133239 -0.00732387 0.991057 -0.133239 0.999815 -0.00260053 -0.0190864 0.999814 -0.00260053 -0.0190864 0.999815 -0.00260053 -0.0190864 0.999752 -0.00300773 -0.0220683 0.999752 -0.00300773 -0.0220683 0.999752 -0.00300773 -0.0220683 0.00236242 -0.994136 0.108107 0.00236242 -0.994136 0.108107 0.00236242 -0.994136 0.108107 0.0652574 -0.926849 0.369719 0.0652574 -0.926849 0.369719 0.0652574 -0.926849 0.369719 0.0111286 0.988405 -0.151433 0.0111286 0.988405 -0.151433 0.0111285 0.988405 -0.151433 0.0726889 0.89466 -0.440794 0.0726889 0.89466 -0.440794 0.0726889 0.89466 -0.440794 0.999748 -0.00302994 -0.0222294 0.999748 -0.00302994 -0.0222294 0.999748 -0.00302994 -0.0222294 0.999722 -0.00318552 -0.0233695 0.999722 -0.00318552 -0.0233695 0.999722 -0.00318552 -0.0233695 0.425953 -0.829634 -0.36093 0.425953 -0.829634 -0.360931 0.425953 -0.829634 -0.36093 0.250949 -0.953525 -0.166777 0.250949 -0.953525 -0.166777 0.250949 -0.953525 -0.166777 0.61849 0.698287 0.360368 0.61849 0.698287 0.360368 0.61849 0.698287 0.360368 0.368744 0.914645 0.165689 0.368744 0.914645 0.165689 0.368744 0.914645 0.165689 0.99991 -0.00181264 -0.0132909 0.99991 -0.00181264 -0.0132909 0.99991 -0.00181264 -0.0132909 0.99985 -0.00232699 -0.0171674 0.99985 -0.00232699 -0.0171674 0.99985 -0.00232699 -0.0171674 0.999778 -0.00284675 -0.0208672 0.999778 -0.00284675 -0.0208672 0.999778 -0.00284675 -0.0208672 0.99986 -0.00225781 -0.0165819 0.99986 -0.00225781 -0.0165819 0.99986 -0.00225781 -0.0165819 1 -5.25477e-007 1.87416e-007 1 -5.32522e-007 1.7032e-007 1 -1.95723e-007 9.87581e-007 1 -1.88678e-007 1.00468e-006 1 3.32412e-007 -9.31692e-007 1 -2.79815e-007 -1.47848e-006 1 -2.6701e-007 -1.46704e-006 1 3.45217e-007 -9.20255e-007 1 1.06225e-006 -1.5167e-007 1 7.01498e-007 -1.56461e-007 1 1.25914e-006 -1.49056e-007 1 1.61989e-006 -1.44265e-007 1.91325e-009 -0.991053 0.133469 1.91326e-009 -0.991053 0.133469 1.91329e-009 -0.991053 0.133469 1.91331e-009 -0.991053 0.133469 1 -1.72268e-006 1.34414e-007 1 -2.35502e-006 5.67643e-008 1 -1.37759e-006 1.76792e-007 1 -7.45254e-007 2.54442e-007 -1.41884e-007 0.135223 0.990815 -1.41884e-007 0.135223 0.990815 -1.41883e-007 0.1352 0.990818 -1.41883e-007 0.1352 0.990818 8.46496e-005 -6.13632e-007 1 8.25197e-005 -8.30055e-005 1 0.0130445 -0.251868 0.967674 0.0281611 -0.22436 0.974099 -9.71202e-008 0.000174597 1 -0.0135636 -0.262886 0.964732 0.000959916 0.000960349 0.999999 -0.0153371 -0.256943 0.966305 0.00294683 5.85452e-007 0.999996 0.0209291 -0.249289 0.968203 0.00264377 -0.00264334 0.999993 0.0353526 -0.277851 0.959974 1.45515e-007 -0.00351669 0.999994 0.0123284 -0.28242 0.959212 -0.0021999 -0.00220062 0.999995 -0.0291491 -0.266039 0.963522 -0.00299104 -6.07456e-007 0.999996 -0.0525142 -0.224141 0.973141 -0.014639 -0.835961 0.548594 -0.0324628 -0.845819 0.532481 0.0306989 -0.839879 0.541905 0.0309523 -0.862735 0.504707 -0.0224953 -0.864046 0.50291 -0.048213 -0.859207 0.509352 -0.0273439 -0.85226 0.522403 -0.0147154 -0.853991 0.52008 -0.0168974 -0.846125 0.532717 -0.0164413 -0.748989 0.662379 -0.0547392 -0.761403 0.645964 0.0779468 -0.749068 0.657891 0.104244 -0.780936 0.61585 0.0612201 -0.817731 0.572336 -0.0156469 -0.822053 0.569195 -0.0574704 -0.801427 0.595325 -0.0392301 -0.786687 0.616104 -0.0339741 -0.761908 0.646794 -0.0249494 0.0632685 0.997685 -0.0219072 0.0760009 0.996867 -0.00379541 0.0555863 0.998447 0.0435146 0.022107 0.998808 0.0534697 -0.0232326 0.998299 0.0308984 -0.0404668 0.998703 0.0106762 -0.0350065 0.99933 -0.0431401 0.00361489 0.999062 -0.078992 0.07534 0.994024 -0.012733 0.772365 0.635051 -0.0171919 0.765319 0.643422 -0.0317099 0.773898 0.632515 0.0128939 0.7851 0.619235 0.0983962 0.756759 0.646246 0.110126 0.707239 0.698344 0.043449 0.695064 0.717633 -0.0328314 0.723543 0.689498 -0.0706698 0.763364 0.642091 -0.081988 0.993664 0.0768813 -0.101559 0.986774 0.126346 -0.0575714 0.99681 0.0552803 -0.0444801 0.998529 0.0310051 -0.00178949 0.999957 0.00912952 0.0563441 0.997776 0.035618 0.0574546 0.993795 0.0952409 0.0253954 0.993156 0.114 0.0266214 0.991602 0.126558 -0.172734 0.984825 -0.0168323 -0.208179 0.974862 0.0794125 -0.111267 0.992153 -0.0570254 -0.0532459 0.995634 -0.0766705 -0.00314995 0.996719 -0.0808791 0.0492339 0.99551 -0.0808428 0.112402 0.991919 -0.0588444 0.160979 0.986935 -0.00675764 0.181208 0.980195 0.0798888 -0.000948644 0.133907 0.990993 -0.000956682 0.133907 0.990993 -0.00094974 0.133907 0.990993 -0.000941702 0.133907 0.990993 1 0.000868721 0.000500231 0.999999 0.000868721 0.000500231 1 0.000868721 0.000500231 1 0.000866861 0.000496005 0.999999 0.000866861 0.000496005 1 0.000866861 0.000496005 -1.41916e-007 0.134895 0.99086 -1.41916e-007 0.134895 0.99086 -1.41916e-007 0.134895 0.99086 -1.4192e-007 0.134846 0.990867 -1.4192e-007 0.134846 0.990867 -1.4192e-007 0.134846 0.990867 -0.999999 0.000703644 -0.000705048 -1 0.000703644 -0.000705048 -0.999999 0.000703644 -0.000705048 -1 0.000703509 -0.000707485 0.999999 0.000990203 -0.000130767 1 0.000990203 -0.000130767 1 0.000990203 -0.000130767 1 0.000977459 -0.000128855 1 0.000977459 -0.000128855 0.999999 0.000977459 -0.000128855 -1.41915e-007 0.134899 0.990859 -1.41915e-007 0.1349 0.990859 -0.999999 0.000990901 -0.000131148 -1 0.000990901 -0.000131148 -1 0.000990901 -0.000131148 -1 0.000985435 -0.000133292 1 0.00064163 -0.000742921 1 0.00064163 -0.000742921 0.999999 0.00064163 -0.000742921 0.999999 0.000634208 -0.000749418 1 0.000634208 -0.000749418 0.999999 0.000634208 -0.000749418 -1.41915e-007 0.134899 0.990859 -1.41917e-007 0.13488 0.990862 -1.41917e-007 0.13488 0.990862 -1.41917e-007 0.13488 0.990862 -1 0.000818651 0.000559831 -1 0.000820817 0.000561313 -1 0.000820551 0.000561131 -1 0.000818385 0.000559649 0.000989511 0.133908 0.990993 0.000989511 0.133908 0.990993 0.000989511 0.133908 0.990993 0.000987015 0.133908 0.990993 -0.000111677 -1 -5.86217e-007 -0.000125618 -0.866032 0.499989 -4.9628e-006 -0.866032 0.499988 -0.000113506 -1 -1.54268e-006 -0.00990526 -0.499981 0.86598 -0.0104187 -0.499978 0.865975 -0.0191381 1.19401e-005 0.999817 -0.0204058 1.19174e-005 0.999792 2.59347e-006 1.19403e-005 1 -1.48903e-005 0.499999 0.866026 -1.12337e-005 0.499999 0.866026 9.90669e-006 1.19403e-005 1 -4.46719e-005 0.866021 0.500008 -4.46717e-005 0.866019 0.500011 -4.83283e-005 1 -9.56461e-007 -4.46718e-005 1 -4.62806e-007 -5.11981e-006 0.866032 -0.499989 -2.36416e-005 0.86603 -0.499992 2.27906e-005 0.500005 -0.866022 7.92626e-006 0.500005 -0.866023 -1.37153e-005 -1.19404e-005 -1 -1.00585e-005 -1.28968e-005 -1 -4.64998e-005 -0.499999 -0.866026 -4.83281e-005 -0.499999 -0.866026 -8.99986e-005 -0.866022 -0.500007 -8.99986e-005 -0.866022 -0.500007 -0.326918 -0.232467 0.916015 -0.131235 -0.242606 0.961207 0.000959687 -0.239704 0.970846 0.113544 -0.234217 0.965531 0.316166 -0.220956 0.922615 0.420138 -0.214119 0.881838 0.422584 -0.214018 0.880692 0.325954 -0.2244 0.918367 0.131221 -0.236772 0.962663 -0.113236 -0.238252 0.96458 -0.313719 -0.229738 0.921304 -0.417295 -0.221289 0.881417 -0.422133 -0.220795 0.879235 -0.999939 0.0110099 -1.50407e-007 -0.999951 0.00600504 -0.00792273 -0.494916 0.00444197 -0.868929 -0.499982 0.0079069 -0.866 -0.999925 -0.0043635 -0.011469 -0.492299 -0.00337561 -0.87042 -0.999772 -0.0213309 1.23114e-006 -0.499925 -0.0175117 -0.865892 -0.999845 -0.00626455 0.016467 -0.513251 -0.00584428 -0.858219 -0.99985 0.010462 0.0138001 -0.511738 0.0103401 -0.85908 -0.999803 0.0198697 -1.5454e-007 -0.499897 0.0200912 -0.865852 0.511513 0.0101438 -0.859215 0.499902 0.0197227 -0.865857 0.513002 -0.00573382 -0.858368 0.499931 -0.017131 -0.865896 0.492511 -0.00328143 -0.8703 0.495071 0.00430128 -0.868842 0.499985 0.00763982 -0.866001 0.999858 0.0101912 0.0134426 0.999813 0.0193545 1.89076e-007 0.999853 -0.00610089 0.0160367 0.999786 -0.0207097 4.05509e-007 0.99993 -0.00419602 -0.011031 0.999955 0.00571446 -0.00753814 0.999945 0.0104453 1.88935e-007 0.6418 -0.135267 0.754848 0.493129 -0.165176 0.854131 0.70189 0.0970113 0.705648 0.499919 -0.0182567 0.86588 0.716432 -0.104833 0.689736 0.65869 0.153268 0.736638 0.490564 0.193335 0.849687 0.117904 -0.418804 0.90039 -0.451634 -0.42908 0.782251 -0.243837 0.4797 0.842871 -0.414113 -0.299897 0.859402 -0.703259 -0.0977476 0.704182 -0.687019 0.184717 0.702769 -0.469812 0.342245 0.813723 0.170036 0.237916 0.956286 0.0502483 -0.202577 0.977976 -0.493226 -0.164111 0.854281 -0.44203 0.306013 0.843188 -0.293583 -0.501373 0.813901 -0.67539 -0.171605 0.717217 -0.681408 0.0862384 0.726805 -0.446777 0.448954 0.773842 0.133354 0.426717 0.8945 -0.499917 0.0183359 0.865879 -0.499919 -0.0185911 0.865873 -0.499967 0.0117085 0.865966 -5.44171e-008 1.78293e-005 1 -7.9217e-013 0.951064 0.308995 -7.50894e-013 0.951064 0.308995 4.84676e-006 -9.79894e-006 1 -1.55805e-012 0.587794 -0.80901 -1.56398e-012 0.587794 -0.80901 -3.47039e-011 -0.587775 -0.809025 3.0669e-012 -0.58777 -0.809028 -1.07817e-011 -0.951053 0.309028 1.06826e-010 -0.951066 0.308987 5.44167e-008 1.78292e-005 1 -4.84671e-006 -9.79891e-006 1 -8.57377e-005 -1.28604e-006 1 -0.0281613 -0.224364 0.974098 -0.0130427 -0.251855 0.967677 -8.2805e-005 -8.44946e-005 1 0.0135575 -0.262847 0.964742 3.34498e-007 0.000173396 1 0.0153316 -0.256916 0.966312 -0.000960156 0.000960554 0.999999 -0.0209306 -0.249272 0.968207 -0.00294691 5.95434e-007 0.999996 -0.0353492 -0.27781 0.959985 -0.00264475 -0.00264472 0.999993 -0.0123365 -0.282403 0.959217 -2.28172e-007 -0.00351798 0.999994 0.0291507 -0.266036 0.963522 0.00219974 -0.00220074 0.999995 0.0525203 -0.224144 0.97314 0.00299137 -1.21223e-006 0.999995 0.0324739 -0.845817 0.532483 0.0146464 -0.835967 0.548585 -0.030702 -0.839859 0.541936 -0.030946 -0.862705 0.504759 0.0224846 -0.864063 0.502881 0.0481965 -0.859182 0.509395 0.0273517 -0.852226 0.522459 0.0147027 -0.85399 0.520081 0.0168988 -0.846124 0.532719 0.0547326 -0.761424 0.645939 0.0164523 -0.748981 0.662387 -0.0779202 -0.749068 0.657895 -0.104237 -0.780945 0.615841 -0.0612085 -0.817729 0.572339 0.0156417 -0.822059 0.569187 0.0574468 -0.801426 0.595329 0.0392107 -0.786684 0.616109 0.0339426 -0.761929 0.64677 0.0219051 0.0760058 0.996867 0.024933 0.0632566 0.997686 0.00378023 0.0555907 0.998446 -0.0435216 0.0221091 0.998808 -0.0534665 -0.0232504 0.998299 -0.030894 -0.040472 0.998703 -0.0106608 -0.0350076 0.99933 0.0431632 0.00361842 0.999061 0.0789828 0.0753456 0.994025 0.0171715 0.765313 0.643429 0.0126919 0.772376 0.635039 0.0317267 0.773896 0.632518 -0.012909 0.785087 0.619251 -0.0983971 0.756775 0.646228 -0.110113 0.707223 0.698363 -0.0434586 0.695056 0.71764 0.0328594 0.72356 0.689479 0.0706839 0.763358 0.642097 0.101554 0.986774 0.126346 0.0820079 0.993663 0.0768644 0.057575 0.996809 0.0552836 0.044479 0.998529 0.0310051 0.00178971 0.999957 0.00912892 -0.0563409 0.997776 0.0356144 -0.0574516 0.993794 0.0952497 -0.025409 0.993158 0.113981 -0.0266138 0.991602 0.12656 0.208191 0.97486 0.0793983 0.172718 0.984827 -0.016834 0.111253 0.992155 -0.0570255 0.0532664 0.995633 -0.0766712 0.00314915 0.996719 -0.0808788 -0.049231 0.99551 -0.0808484 -0.112389 0.99192 -0.0588452 -0.160984 0.986934 -0.00675575 -0.181206 0.980195 0.0798894 0.000948585 0.133892 0.990995 0.000941643 0.133892 0.990995 0.000949681 0.133892 0.990995 0.000956622 0.133892 0.990995 -1 0.000867094 0.000495686 -0.999999 0.000867094 0.000495686 -0.999999 0.000867094 0.000495686 -1 0.000870369 0.000503884 -0.999999 0.000870369 0.000503884 -0.999999 0.000870369 0.000503884 -1.78889e-007 0.134832 0.990868 -1.78889e-007 0.134832 0.990868 -1.7889e-007 0.134832 0.990868 5.1169e-006 0.134896 0.99086 5.1169e-006 0.134896 0.99086 5.1169e-006 0.134896 0.99086 0.999999 0.000703603 -0.000707424 1 0.000703603 -0.000707424 1 0.000703603 -0.000707424 0.999999 0.000701802 -0.000700468 1 0.000701802 -0.000700468 1 0.000701802 -0.000700468 -0.999999 0.000977249 -0.000131995 -1 0.000977249 -0.000131995 -1 0.000977249 -0.000131995 -0.999999 0.000989753 -0.00012811 -0.999999 0.000989753 -0.00012811 -1 0.000989753 -0.00012811 -1.41916e-007 0.13489 0.990861 -1.41915e-007 0.1349 0.990859 0.999999 0.000985479 -0.00013301 1 0.000985479 -0.00013301 1 0.000985479 -0.00013301 1 0.000990199 -0.000127883 -0.999999 0.000634154 -0.000749498 -1 0.000634154 -0.000749498 -0.999999 0.000634154 -0.000749498 -0.999999 0.000640352 -0.000744034 -1 0.000640352 -0.000744034 -1 0.000640352 -0.000744034 -1.41918e-007 0.134868 0.990864 -1.41915e-007 0.134898 0.99086 1 0.000818518 0.000560113 1 0.000818252 0.00055993 0.999999 0.00082042 0.000561414 1 0.000820687 0.000561596 -0.000988135 0.133896 0.990995 -0.000986978 0.133896 0.990995 -0.000988318 0.133896 0.990995 -0.000989475 0.133896 0.990995 0.000111773 -1 -1.20946e-005 0.000113567 -1 -1.21254e-005 4.9957e-006 -0.866036 0.499982 0.000125571 -0.866036 0.499982 0.0104184 -0.499978 0.865975 0.00990239 -0.499982 0.865979 0.0204035 1.18784e-005 0.999792 0.0191308 9.99638e-006 0.999817 -2.65245e-006 9.99657e-006 1 -1.00182e-005 1.18786e-005 1 1.11858e-005 0.500011 0.866019 1.48687e-005 0.500011 0.866019 4.47371e-005 0.866024 0.500002 4.47374e-005 0.866028 0.499995 4.47382e-005 1 1.17244e-006 4.83266e-005 1 2.15975e-007 2.35856e-005 0.866031 -0.499991 7.62671e-006 0.866033 -0.499986 -6.98603e-006 0.500005 -0.866022 -1.92616e-005 0.500004 -0.866023 1.00326e-005 1.09838e-005 -1 1.37157e-005 1.0953e-005 -1 4.83236e-005 -0.499994 -0.866029 4.65294e-005 -0.499994 -0.866029 8.99872e-005 -0.866029 -0.499993 8.9987e-005 -0.866029 -0.499993 0.326923 -0.232463 0.916014 -0.000957948 -0.239706 0.970845 0.131237 -0.242598 0.961209 -0.113546 -0.234224 0.965529 -0.316169 -0.220959 0.922613 -0.420143 -0.21412 0.881835 -0.422589 -0.214032 0.880687 -0.325959 -0.224412 0.918363 -0.13122 -0.236774 0.962663 0.113243 -0.238264 0.964576 0.313724 -0.22974 0.921302 0.417306 -0.22127 0.881417 0.422143 -0.220793 0.87923 0.999939 0.0110107 -3.71405e-006 0.499984 0.00790809 -0.865998 0.494898 0.0044537 -0.86894 0.999951 0.00599991 -0.00792125 0.492296 -0.00336717 -0.870421 0.999925 -0.00436809 -0.0114663 0.499923 -0.0175156 -0.865892 0.999773 -0.0213263 -1.23243e-005 0.513243 -0.00584923 -0.858223 0.999845 -0.00626801 0.0164684 0.511722 0.0103287 -0.859089 0.99985 0.010468 0.0137987 0.499899 0.0200919 -0.865851 0.999802 0.0198762 -3.38964e-006 -0.499901 0.0197311 -0.865858 -0.51151 0.0101515 -0.859217 -0.513008 -0.00572108 -0.858365 -0.499912 -0.0171263 -0.865907 -0.492505 -0.00326559 -0.870304 -0.495069 0.00430738 -0.868843 -0.499983 0.00764102 -0.866001 -0.999813 0.0193547 -1.88976e-006 -0.999858 0.0101923 0.0134403 -0.999853 -0.00610792 0.0160337 -0.999786 -0.020706 -5.1681e-006 -0.99993 -0.00419926 -0.011031 -0.999955 0.00571531 -0.00754055 -0.999945 0.010453 -1.87168e-006 -0.493138 -0.165183 0.854125 -0.641797 -0.135278 0.754849 -0.701898 0.096991 0.705643 -0.499921 -0.0182621 0.865878 -0.716427 -0.104841 0.68974 -0.658692 0.153267 0.736637 -0.490568 0.193334 0.849685 0.451636 -0.429114 0.782231 -0.117916 -0.418814 0.900383 0.243822 0.4797 0.842875 0.687016 0.184715 0.702772 0.703257 -0.0977519 0.704183 0.414126 -0.29989 0.859399 -0.170019 0.237946 0.956282 0.469829 0.34221 0.813728 0.493236 -0.164113 0.854274 -0.0502504 -0.202571 0.977977 0.442024 0.30604 0.843181 0.681411 0.0862377 0.726802 0.675384 -0.171601 0.717223 0.29356 -0.501376 0.813907 -0.133353 0.426718 0.894499 0.44677 0.448968 0.773837 0.49992 0.0183267 0.865878 0.49993 -0.0185889 0.865866 0.49997 0.011698 0.865964 -5.44171e-008 1.17143e-005 1 -4.95562e-006 -1.62825e-005 1 8.59456e-014 0.951064 0.308993 8.14222e-014 0.951064 0.308993 -1.22359e-012 0.587759 -0.809036 -1.21342e-012 0.587759 -0.809036 2.6417e-012 -0.587793 -0.809011 3.87569e-011 -0.587798 -0.809008 -5.29785e-011 -0.951068 0.30898 9.55354e-012 -0.951055 0.309022 4.95545e-006 -1.62823e-005 1 5.44155e-008 1.17142e-005 1 </float_array>
          <technique_common>
            <accessor count="1061" offset="0" source="#meshId0-tangents-array" stride="3">
              <param name="X" type="float" />
              <param name="Y" type="float" />
              <param name="Z" type="float" />
            </accessor>
          </technique_common>
        </source>
        <source id="meshId0-bitangents" name="meshId0-bitangents">
          <float_array id="meshId0-bitangents-array" count="3183"> 4.20268e-006 0.963587 -0.267396 -0.100814 0.891552 -0.441556 -0.399883 0.727576 -0.557428 0.241848 0.935088 -0.259075 0.460213 0.88399 -0.0822512 0.522453 0.850624 0.0590049 0.433771 0.873358 0.22156 0.20317 0.880169 0.428981 -0.530907 0.589123 -0.609156 -0.49095 0.517144 -0.701093 -0.134569 0.841366 -0.523445 -0.601935 0.431898 -0.671668 0.353732 0.932358 -0.0747169 0.729296 0.662937 0.169238 0.867842 0.495769 0.0325971 0.73716 0.675588 0.0132665 0.504146 0.778526 0.37381 -0.854972 0.236471 -0.461632 -0.860646 0.262667 -0.436228 -0.207553 0.804252 -0.556867 -0.678555 0.183839 -0.711173 0.286865 0.954276 0.0840564 0.774135 0.474448 0.419064 0.990722 0.135601 0.00908609 0.841169 0.492337 -0.223694 0.665085 0.725307 0.177741 -0.983283 0.0201748 -0.180965 -0.991332 0.05008 -0.121457 -0.991363 0.0770016 0.106163 -1 -0.000312192 0.000228391 -1 -1.29982e-005 0.000102922 -0.990756 0.134271 0.0193255 -0.99192 -0.0159626 0.125854 -1 2.0337e-008 -1.60341e-007 -0.991362 -0.101394 0.0831858 -1 -7.26076e-005 -8.88169e-005 -0.990754 -0.134591 -0.0170809 -1 1.61546e-005 -0.000126933 -0.991362 -0.0774244 -0.105865 -1 -4.69926e-008 -6.42023e-008 -0.990748 -0.0322504 -0.131824 -1 1.11084e-007 4.54059e-007 -0.999999 -0.000745378 -0.000908493 -0.999994 -0.00334027 -0.000423216 0.818047 -0.499346 0.285401 0.480111 -0.355399 0.801988 0.472043 -0.444202 0.761485 0.795656 -0.543802 0.266853 -0.708083 -0.691329 0.143815 -0.683418 -0.718064 0.131616 -0.503578 -0.558041 0.659544 -0.522855 -0.462372 0.716125 0.00323796 -0.995563 -0.0940394 0.001476 -0.995567 -0.0940398 0.0132677 -0.995971 -0.0886841 0.015164 -0.996004 -0.0880162 0.0139223 -0.995472 -0.0940308 0.0149381 -0.995457 -0.0940294 0.00810263 -0.995311 -0.0963803 0.00704596 -0.995347 -0.0960999 0.010762 0.995918 0.0896136 0.010568 0.995907 0.0897613 0.0149574 0.995047 0.0982708 0.0151447 0.995034 0.0983773 0.0082649 -0.125854 0.992014 0.0032372 -0.125825 0.992047 0.00686281 -0.125821 0.992029 0.00996769 -0.125818 0.992003 -0.0050066 -0.0168028 0.999846 -0.47119 0.298228 0.830084 -0.487096 0.144347 0.861337 0.00501978 -0.180397 0.983581 0.535294 0.262956 0.802692 0.490506 0.464169 0.737531 0.00441261 0.0261826 0.999647 -0.00443348 -0.203705 0.979022 0.00170865 -0.125824 0.992051 -0.00313165 -0.12579 0.992052 0.00234397 -0.125823 0.99205 0.00195125 -0.125824 0.992051 -0.779673 0.51226 0.360139 -0.833208 0.404616 0.376897 0.692259 0.67017 0.267674 0.587352 0.771608 0.24421 0.00145624 -0.125824 0.992051 -0.0122008 -0.125815 0.991979 -0.00359558 -0.125824 0.992046 0.00665109 -0.125822 0.992031 1.59914e-007 0.096185 -0.995363 1.59915e-007 0.0961959 -0.995362 1.59914e-007 0.0961809 -0.995364 1.59913e-007 0.0961729 -0.995365 0.029797 0.125768 -0.991612 0.029785 0.125769 -0.991612 0.0297873 0.125769 -0.991612 0.0297993 0.125768 -0.991612 1.63194e-007 0.155357 -0.987858 1.63195e-007 0.15537 -0.987856 1.63194e-007 0.15535 -0.98786 1.63193e-007 0.155334 -0.987862 -0.0298231 0.125768 -0.991611 -0.0298191 0.125768 -0.991611 -0.0298196 0.125768 -0.991611 -0.0298236 0.125768 -0.991611 -1.81088e-005 0.963603 -0.267336 -0.10086 0.891549 -0.441552 -0.399899 0.727547 -0.557455 0.241815 0.935103 -0.259053 0.460223 0.883983 -0.0822763 0.522414 0.850646 0.0590333 0.433762 0.873353 0.221598 0.203214 0.880166 0.428965 -0.530884 0.589162 -0.609139 -0.490953 0.51723 -0.701027 -0.134593 0.841338 -0.523484 -0.601928 0.431872 -0.671691 0.353729 0.932359 -0.0747226 0.729337 0.662897 0.16922 0.86785 0.495758 0.0325793 0.737149 0.675599 0.0132844 0.504145 0.778537 0.373789 -0.854969 0.236452 -0.461648 -0.860657 0.262673 -0.436201 -0.199017 0.82014 -0.536435 -0.646638 0.278756 -0.710038 0.275596 0.960108 0.0473198 0.743709 0.561665 0.362531 0.960507 0.276949 0.0269174 0.812269 0.566891 -0.13731 0.628567 0.732059 0.262666 -0.928145 0.0315027 -0.370882 -0.96243 0.116642 -0.2452 -1 -0.000372157 0.000611076 -1 -0.000372157 0.000611076 -1 -0.000372157 0.000611076 -0.999999 -0.000530144 0.000870501 -0.999999 -0.000530144 0.000870501 -0.999999 -0.000530144 0.000870501 -1 -3.11846e-008 -1.27468e-007 -1 -3.11846e-008 -1.27468e-007 -1 -3.11846e-008 -1.27468e-007 -1 -3.11846e-008 -1.27468e-007 -1 8.06293e-008 -1.50348e-007 -1 8.06293e-008 -1.50348e-007 -1 8.06293e-008 -1.50348e-007 -1 8.06293e-008 -1.50348e-007 -1 -6.77289e-005 -0.000223519 -1 -6.77289e-005 -0.000223519 -1 -6.77289e-005 -0.000223519 -1 2.0507e-005 6.71557e-005 -1 2.0507e-005 6.71557e-005 -1 2.05069e-005 6.71556e-005 -1 -1.35296e-008 -8.24086e-009 -1 -1.35296e-008 -8.24086e-009 -1 -1.35296e-008 -8.24086e-009 -1 -1.35296e-008 -8.24086e-009 -1 -3.1184e-008 -1.27469e-007 -1 -3.1184e-008 -1.27469e-007 -1 -3.1184e-008 -1.27469e-007 -1 -3.1184e-008 -1.27469e-007 -0.999998 -0.00176604 -0.000947305 -0.999998 -0.00176604 -0.000947305 -0.999998 -0.00176604 -0.000947305 -0.999908 -0.011949 -0.00640833 -0.999908 -0.011949 -0.00640833 -0.999908 -0.011949 -0.00640833 -0.999995 0.000924453 0.0030449 -1 -0.00015964 -0.000526279 -1 -3.96345e-005 -0.000130963 -0.999994 0.00104446 0.00344021 0.649685 -0.4938 0.577989 0.649685 -0.4938 0.577989 0.649685 -0.4938 0.577989 0.605598 -0.597282 0.525839 0.605598 -0.597282 0.525839 0.605597 -0.597282 0.525839 -0.609602 -0.723899 0.32304 -0.587259 -0.749201 0.306309 -0.62741 -0.702219 0.336519 -0.64815 -0.675069 0.352396 0.00323796 -0.995571 -0.0939557 0.001476 -0.995575 -0.0939561 0.0134025 -0.995487 -0.0939478 0.0151643 -0.995462 -0.0939454 0.0139223 -0.99548 -0.0939471 0.0149381 -0.995465 -0.0939457 0.00806186 -0.995544 -0.0939531 0.00704598 -0.995552 -0.0939539 0.010568 0.995521 0.0939509 0.010568 0.995521 0.0939509 0.010568 0.995521 0.093951 0.0151447 0.995462 0.0939454 0.0151447 0.995462 0.0939454 0.0151447 0.995462 0.0939454 0.00761388 -0.125821 0.992024 0.00323666 -0.125824 0.992047 0.00680004 -0.125821 0.992029 0.00996741 -0.125818 0.992003 0.00996741 -0.125818 0.992003 0.00996741 -0.125818 0.992003 -0.232374 0.248385 0.940376 -0.232374 0.248385 0.940376 -0.232374 0.248385 0.940376 -0.246669 -0.10762 0.963105 -0.246669 -0.10762 0.963106 -0.246669 -0.10762 0.963106 0.190583 0.406691 0.893465 0.190583 0.406691 0.893465 0.190583 0.406691 0.893465 0.218454 -0.108506 0.969796 0.218454 -0.108506 0.969796 0.218454 -0.108506 0.969796 0.0017072 -0.125824 0.992051 -0.00313261 -0.125824 0.992048 0.001381 -0.125824 0.992052 0.00195085 -0.125824 0.992051 0.246623 -0.114513 0.962322 0.246623 -0.114513 0.962322 0.246623 -0.114512 0.962322 0.237414 -0.357644 0.903175 0.237414 -0.357644 0.903175 0.237414 -0.357644 0.903175 -0.218389 -0.119615 0.968503 -0.218389 -0.119615 0.968503 -0.218389 -0.119615 0.968503 -0.204727 -0.433175 0.877751 -0.204727 -0.433175 0.877751 -0.204727 -0.433175 0.877751 -0.592032 0.517236 0.618033 -0.592032 0.517236 0.618033 -0.592032 0.517236 0.618033 -0.68416 0.258134 0.682123 -0.684159 0.258134 0.682123 -0.684159 0.258134 0.682123 0.501924 0.769504 0.394888 0.501924 0.769504 0.394888 0.501924 0.769504 0.394888 0.730079 0.453146 0.511511 0.730079 0.453146 0.511511 0.730079 0.453146 0.511511 0.0014561 -0.125824 0.992052 -0.0122025 -0.125815 0.991979 -0.00406677 -0.125823 0.992044 0.00665048 -0.125822 0.992031 0.00665048 -0.125822 0.992031 0.00665048 -0.125822 0.992031 1.59915e-007 0.0961993 -0.995362 1.59916e-007 0.0962182 -0.99536 1.59914e-007 0.0961921 -0.995363 1.59914e-007 0.0961783 -0.995364 0.0297884 0.125769 -0.991612 0.0297884 0.125769 -0.991612 0.0297884 0.125768 -0.991612 0.0298027 0.125768 -0.991612 0.0298027 0.125768 -0.991612 0.0298027 0.125768 -0.991612 1.63196e-007 0.155393 -0.987853 1.63196e-007 0.155393 -0.987853 1.63196e-007 0.155393 -0.987853 1.63194e-007 0.155343 -0.987861 1.63194e-007 0.155343 -0.987861 1.63194e-007 0.155343 -0.987861 -0.0298201 0.125768 -0.991611 -0.0298161 0.125768 -0.991611 -0.0298166 0.125768 -0.991611 -0.0298206 0.125768 -0.991611 0.00436706 0.125823 -0.992043 0.00436707 0.125823 -0.992043 0.00436638 0.125823 -0.992043 0.00436637 0.125823 -0.992043 0.00436957 -0.125823 0.992043 0.00436957 -0.125823 0.992043 0.00436957 -0.125823 0.992043 0.00436957 -0.125823 0.992043 0.00436961 -0.992043 -0.125823 0.00436974 -0.992043 -0.125823 0.00436954 -0.992043 -0.125823 0.00436942 -0.992043 -0.125823 -1.61943e-007 -0.131585 0.991305 -1.61943e-007 -0.131585 0.991305 -1.61943e-007 -0.131585 0.991305 -1.61943e-007 -0.131585 0.991305 0.00436801 0.992043 0.125823 0.004367 0.992043 0.125823 0.00436857 0.992043 0.125823 0.00436958 0.992043 0.125823 -4.09105e-008 0.992595 0.121472 -4.09104e-008 0.992595 0.121472 -4.09139e-008 0.992592 0.121493 -4.09139e-008 0.992592 0.121493 -5.96071e-005 0.98977 -0.142673 0.120505 0.874174 0.470424 0.407621 0.714962 0.568045 -0.232623 0.93871 0.25438 -0.476076 0.876913 0.0661439 -0.542344 0.830788 -0.125119 -0.476257 0.826765 -0.299396 -0.234552 0.834006 -0.49942 0.121655 0.717383 -0.685975 0.418311 0.556071 -0.718193 0.0683233 0.800985 0.594773 0.421606 0.344783 0.838674 -0.395072 0.912836 0.103192 -0.781258 0.614312 -0.110709 -0.879159 0.467602 -0.0918022 -0.758417 0.651535 -0.0174875 -0.367965 0.869031 -0.330737 0.0885502 0.620265 -0.779378 0.444768 0.12181 -0.887324 0.0895641 0.784783 0.613265 0.354311 0.171225 0.919318 -0.337059 0.93795 -0.0814867 -0.956414 0.256464 -0.139637 -0.991794 0.123396 -0.033437 -0.95795 0.280138 0.0620874 -0.43832 0.880473 -0.180671 0.0109919 0.585669 -0.810476 0.317644 -0.0878935 -0.944128 -0.991369 -0.0807635 0.103266 -0.999998 0.00137942 0.0011148 -0.999999 0.000226684 0.00169097 -0.990664 -0.118695 0.0670512 -0.990731 0.0106195 0.13542 -0.999951 0.00975597 -0.00133201 -0.999581 0.016862 -0.0235054 -0.999993 -0.00050455 -0.00369674 -0.999992 0.00304703 0.00244986 -0.990481 -0.0419236 -0.131109 -0.99998 -0.00629286 0.000858325 -0.991242 -0.115756 -0.063559 -0.999873 -0.00929269 0.0129505 -0.991387 -0.13005 -0.0154413 -0.999877 0.00211668 0.0155396 1.39545e-007 -0.159158 -0.987253 1.39541e-007 -0.159198 -0.987247 1.39551e-007 -0.159095 -0.987263 1.39554e-007 -0.159067 -0.987268 -0.0241336 -0.135192 -0.990526 -0.0241539 -0.135192 -0.990525 -0.0241471 -0.135192 -0.990525 -0.0241268 -0.135192 -0.990526 1.44132e-007 -0.1113 -0.993787 1.44132e-007 -0.111301 -0.993787 1.44132e-007 -0.111298 -0.993787 1.44132e-007 -0.111297 -0.993787 0.0241392 -0.135177 -0.990527 0.0241381 -0.135177 -0.990527 0.0241384 -0.135177 -0.990527 0.0241395 -0.135177 -0.990527 -0.604298 -0.553179 -0.573426 -0.45567 -0.360986 -0.813667 -0.449795 -0.448613 -0.77229 -0.586634 -0.593429 -0.551092 0.701178 -0.696469 -0.15258 0.675564 -0.724151 -0.138627 0.48447 -0.566127 -0.666925 0.499263 -0.479335 -0.721785 -0.0139432 -0.995076 0.0981265 -0.0139513 -0.995076 0.0981265 -0.013892 -0.995077 0.0981265 -0.013884 -0.995077 0.0981266 -0.0221561 -0.994929 0.09811 -0.0221366 -0.994929 0.09811 -0.022279 -0.994226 0.104967 -0.0222994 -0.994214 0.105073 -0.0200113 0.994976 -0.0980932 -0.0200163 0.994976 -0.0980941 -0.0198825 0.994359 -0.104191 -0.0198772 0.994349 -0.104287 -0.0223394 -0.135186 -0.990568 -0.0218466 -0.135184 -0.99058 -0.0200069 -0.135172 -0.99062 -0.0194994 -0.135186 -0.990628 0.00543632 -0.0116344 -0.999917 0.442097 0.327911 -0.83488 0.457694 0.179785 -0.870743 -0.00542863 -0.174796 -0.98459 -0.520687 0.223266 -0.824037 -0.493153 0.395765 -0.774706 -0.00481637 -0.0256985 -0.999658 0.0047788 -0.218589 -0.975805 -0.02146 -0.135186 -0.990588 -0.0176825 -0.135188 -0.990662 -0.0216332 -0.135178 -0.990585 -0.022356 -0.135181 -0.990569 0.54934 0.554051 -0.625503 0.594171 0.45621 -0.662445 -0.72995 0.618322 -0.291291 -0.646782 0.712772 -0.271347 -0.0134097 -0.135199 -0.990728 -0.0171292 -0.135113 -0.990682 -0.0169548 -0.135219 -0.990671 -0.0210647 -0.135181 -0.990597 -6.5871e-006 0.989767 -0.142696 0.120538 0.874204 0.470359 0.407722 0.714919 0.568026 -0.232613 0.938698 0.254436 -0.476092 0.876901 0.0661884 -0.542329 0.830793 -0.125149 -0.476258 0.826744 -0.299453 -0.234508 0.833995 -0.499458 0.121744 0.717424 -0.685916 0.418433 0.556095 -0.718103 0.0683508 0.800961 0.594802 0.421619 0.344756 0.838678 -0.395046 0.912838 0.103271 -0.781295 0.614285 -0.110595 -0.879152 0.467617 -0.0917975 -0.758423 0.651525 -0.0175884 -0.367956 0.86901 -0.330802 0.0885987 0.620254 -0.779381 0.444811 0.121795 -0.887304 0.0854613 0.793574 0.602442 0.348127 0.218611 0.911601 -0.321971 0.946102 -0.0349947 -0.83846 0.47778 -0.262128 -0.965454 0.25203 -0.0661781 -0.833887 0.536234 0.130715 -0.417207 0.876126 -0.241539 0.010041 0.588439 -0.808479 0.311382 -0.045374 -0.949201 -0.999999 0.000750557 0.00138886 -0.999999 0.000750557 0.00138886 -0.999999 0.000750557 0.00138886 -0.999998 0.00082051 0.0014951 -0.999999 0.00082051 0.0014951 -0.999999 0.00082051 0.0014951 -0.999998 0.00170064 0.000498539 -0.999998 0.00170064 0.000498539 -0.999998 0.00170064 0.000498539 -0.999999 0.00163842 0.000484816 -0.999999 0.00163842 0.000484816 -0.999999 0.00163842 0.000484816 -0.999921 -0.0106379 0.00661722 -0.99981 0.0165673 -0.0103058 -0.999872 0.0135563 -0.00843283 -0.999871 -0.0136491 0.00849034 -0.99355 0.0258947 -0.110397 -0.999705 0.00554164 -0.0236255 -0.999396 0.00793647 -0.0338354 -0.992306 0.0282736 -0.120539 -0.999973 0.00351928 0.00641613 -0.999973 0.00351928 0.00641613 -0.999973 0.00351928 0.00641613 -0.994048 0.052389 0.0955163 -0.994048 0.052389 0.0955163 -0.994048 0.052389 0.0955163 -0.999995 0.00306857 0.000899588 -0.999995 0.00306857 0.000899588 -0.999995 0.00306857 0.000899588 -0.999473 -0.0311583 -0.00913637 -0.999473 -0.0311583 -0.00913637 -0.999473 -0.0311583 -0.00913637 -0.99989 -0.0125712 0.00781574 -0.99989 -0.0125712 0.00781574 -0.99989 -0.0125712 0.00781574 -0.999892 -0.0124877 0.00776978 -0.999892 -0.0124877 0.00776978 -0.999892 -0.0124877 0.00776978 -0.999894 -0.00333112 0.0141937 -0.999894 -0.00333112 0.0141937 -0.999894 -0.00333112 0.0141937 -0.999891 -0.00338988 0.0143952 -0.999891 -0.00338988 0.0143952 -0.999891 -0.00338988 0.0143952 9.03106e-006 -0.159212 -0.987244 9.03106e-006 -0.159212 -0.987244 9.03106e-006 -0.159212 -0.987244 1.39552e-007 -0.15909 -0.987264 1.39552e-007 -0.15909 -0.987264 1.39552e-007 -0.15909 -0.987264 -0.0241538 -0.135196 -0.990524 -0.0241538 -0.135196 -0.990524 -0.0241538 -0.135196 -0.990524 -0.0241303 -0.135195 -0.990525 -0.0241303 -0.135195 -0.990525 -0.0241303 -0.135195 -0.990525 1.24053e-006 -0.111315 -0.993785 1.24053e-006 -0.111315 -0.993785 1.24053e-006 -0.111315 -0.993785 1.93049e-005 -0.111332 -0.993783 1.93049e-005 -0.111332 -0.993783 1.93049e-005 -0.111332 -0.993783 0.0241379 -0.135185 -0.990526 0.0241379 -0.135185 -0.990526 0.0241379 -0.135185 -0.990526 0.0241393 -0.135185 -0.990526 -0.628668 -0.48839 -0.605188 -0.628668 -0.48839 -0.605188 -0.628668 -0.48839 -0.605188 -0.586623 -0.593409 -0.551126 -0.586623 -0.593409 -0.551126 -0.586623 -0.593409 -0.551126 0.568053 -0.758486 -0.319397 0.568053 -0.758486 -0.319397 0.568053 -0.758486 -0.319397 0.635853 -0.674752 -0.374701 0.635853 -0.674752 -0.374701 0.635853 -0.674752 -0.374701 -0.0139508 -0.995078 0.0981031 -0.0139508 -0.995078 0.0981031 -0.0139508 -0.995078 0.0981031 -0.013884 -0.995078 0.0981142 -0.013884 -0.995078 0.0981142 -0.013884 -0.995078 0.0981142 -0.0221371 -0.994932 0.0980867 -0.0221371 -0.994932 0.0980867 -0.0221371 -0.994932 0.0980867 -0.0223005 -0.994928 0.0980863 -0.0223005 -0.994928 0.0980863 -0.0223005 -0.994928 0.0980863 -0.0200127 0.994981 -0.098047 -0.0200127 0.994981 -0.098047 -0.0200127 0.994981 -0.098047 -0.0198749 0.994982 -0.0980564 -0.0198749 0.994982 -0.0980564 -0.0198749 0.994982 -0.0980564 -0.0200148 -0.135123 -0.990627 -0.0200148 -0.135123 -0.990627 -0.0200148 -0.135123 -0.990627 -0.0194967 -0.135134 -0.990635 -0.0194967 -0.135134 -0.990635 -0.0194967 -0.135134 -0.990635 0.21299 0.28014 -0.936032 0.21299 0.28014 -0.936032 0.21299 0.28014 -0.936032 0.229318 -0.102961 -0.967891 0.229318 -0.102962 -0.967891 0.229318 -0.102961 -0.967891 -0.183634 0.335874 -0.923833 -0.183634 0.335874 -0.923833 -0.183634 0.335874 -0.923833 -0.202725 -0.131947 -0.970305 -0.202725 -0.131947 -0.970305 -0.202725 -0.131947 -0.970305 -0.0192627 -0.135223 -0.990628 -0.0192627 -0.135223 -0.990628 -0.0192627 -0.135223 -0.990628 -0.0222723 -0.135217 -0.990566 -0.0222723 -0.135217 -0.990566 -0.0222723 -0.135217 -0.990566 -0.2293 -0.105766 -0.967592 -0.2293 -0.105766 -0.967592 -0.2293 -0.105766 -0.967592 -0.219826 -0.374759 -0.900684 -0.219826 -0.374759 -0.900684 -0.219826 -0.374759 -0.900684 0.202544 -0.150531 -0.967634 0.202544 -0.150531 -0.967634 0.202544 -0.150531 -0.967634 0.189376 -0.446303 -0.874614 0.189376 -0.446303 -0.874614 0.189376 -0.446303 -0.874614 -0.022435 -0.135226 -0.990561 -0.022435 -0.135226 -0.990561 -0.022435 -0.135226 -0.990561 -0.0235856 -0.135224 -0.990534 -0.0235856 -0.135224 -0.990534 -0.0235856 -0.135224 -0.990534 0.549293 0.55413 -0.625473 0.549293 0.55413 -0.625473 0.549293 0.55413 -0.625473 0.648236 0.293492 -0.702603 0.648237 0.293492 -0.702603 0.648237 0.293492 -0.702604 -0.542738 0.711254 -0.446714 -0.542738 0.711254 -0.446714 -0.542738 0.711254 -0.446714 -0.735623 0.396113 -0.549502 -0.735623 0.396113 -0.549502 -0.735623 0.396113 -0.549502 -0.0134139 -0.135153 -0.990734 -0.0134139 -0.135153 -0.990734 -0.0134139 -0.135153 -0.990734 -0.0173244 -0.135066 -0.990685 -0.0173244 -0.135066 -0.990685 -0.0173244 -0.135066 -0.990685 -0.0210605 -0.135136 -0.990603 -0.0210605 -0.135136 -0.990603 -0.0210605 -0.135136 -0.990603 -0.0167349 -0.135179 -0.99068 -0.0167349 -0.135179 -0.99068 -0.0167349 -0.135179 -0.99068 -1.14637e-007 0.135225 0.990815 -9.67458e-008 0.135224 0.990815 -9.52041e-007 0.135231 0.990814 -9.69933e-007 0.135232 0.990814 -8.78181e-007 -0.135232 -0.990814 -1.50274e-006 -0.135216 -0.990816 -1.48968e-006 -0.135216 -0.990816 -8.65116e-007 -0.135233 -0.990814 -1.07301e-006 0.990815 -0.135224 -7.16212e-007 0.990815 -0.135224 -1.26773e-006 0.990815 -0.135224 -1.62452e-006 0.990815 -0.135224 1.4188e-007 -0.133469 -0.991053 1.4188e-007 -0.133469 -0.991053 1.41882e-007 -0.133469 -0.991053 1.41882e-007 -0.133469 -0.991053 -1.72504e-006 -0.990815 0.135224 -2.34106e-006 -0.990815 0.135224 -1.38884e-006 -0.990815 0.135224 -7.72815e-007 -0.990815 0.135224 -1.66224e-009 0.990815 -0.135223 -1.66219e-009 0.990815 -0.135223 -1.6655e-009 0.990818 -0.1352 -1.66554e-009 0.990818 -0.1352 -1 2.02571e-006 8.46496e-005 -0.707109 0.707105 0.000117044 -0.740104 0.64831 0.17872 -0.999603 -0.00634307 0.0274375 4.16047e-007 1 -0.000174597 -0.0627627 0.963142 0.26157 0.707111 0.707101 -0.00135783 0.684668 0.701607 0.197426 0.999996 1.82242e-007 -0.00294683 0.999781 0.00544305 -0.0202102 0.707106 -0.707098 -0.00373855 0.683945 -0.693659 -0.225957 -1.6387e-006 -0.999994 -0.00351669 -0.0631615 -0.957589 -0.281131 -0.707105 -0.707101 -0.00311164 -0.739644 -0.64265 -0.199819 -0.999996 2.02759e-006 -0.00299104 -0.99862 0.0117645 -0.0511794 -0.765731 0.362191 0.531483 -0.99947 0.0262375 -0.0192559 -0.129716 0.534228 0.835329 0.635755 0.406632 0.656099 0.99974 -0.0176122 0.0144592 0.63607 -0.419588 -0.64758 -0.134081 -0.514749 -0.846791 -0.765886 -0.324757 -0.554933 -0.999855 0.0130652 -0.010963 -0.635217 0.519424 0.571575 -0.998392 0.0321748 -0.0466793 0.161105 0.66069 0.733167 0.783876 0.445621 0.43239 0.998123 0.0511895 -0.0336269 0.790685 -0.358619 -0.496195 0.163335 -0.595824 -0.786331 -0.639458 -0.454024 -0.620448 -0.999314 0.0163408 -0.0332418 -0.697927 0.713419 -0.062695 -0.99973 -0.0093943 -0.0212539 0.0759415 0.995586 -0.0551384 0.764146 0.64329 -0.0475294 0.998569 0.00124395 -0.0534552 0.764759 -0.642398 -0.0496901 0.0752842 -0.996522 -0.0357124 -0.701994 -0.711642 -0.0277376 -0.996845 -0.0137213 -0.0781762 -0.618367 0.493013 -0.612013 -0.999842 -0.0160363 -0.00764087 0.139293 0.63008 -0.763935 0.756741 0.39713 -0.51926 0.995147 -0.0742029 -0.064627 0.748788 -0.521075 0.409631 0.131821 -0.71602 0.685521 -0.617094 -0.557346 0.555482 -0.99749 -0.0569663 -0.0420601 -0.764263 -0.0131731 -0.64477 -0.994825 -0.101135 -0.0097833 0.0218742 0.0566184 -0.998156 0.780111 0.0541044 -0.623297 0.999998 0.00179922 -0.00105737 0.779858 -0.0662578 0.62244 0.0152014 -0.0962583 0.99524 -0.76817 -0.0535909 0.637999 -0.999641 0.0260114 0.00647037 -0.777592 -0.146836 -0.611383 -0.978091 -0.207483 -0.0170112 -0.0334782 -0.0610912 -0.997571 0.773326 -0.00746258 -0.633965 0.999995 0.00313302 -0.000336242 0.773815 0.0131569 0.633275 -0.0329977 0.0629131 0.997473 -0.780226 0.13145 0.61153 -0.983445 0.180618 0.0146119 -1 -0.000126936 -0.000940113 -1 -0.000128012 -0.000948078 -1 -0.000127083 -0.000941199 -1 -0.000126006 -0.000933234 -0.00100245 0.868037 0.496498 -0.00100245 0.868037 0.496498 -0.00100245 0.868037 0.496498 -0.000998734 0.868044 0.496486 -0.000998734 0.868044 0.496486 -0.000998734 0.868044 0.496486 9.4909e-008 0.99086 -0.134895 9.4909e-008 0.99086 -0.134895 9.4909e-008 0.99086 -0.134895 9.4902e-008 0.990867 -0.134846 9.4902e-008 0.990867 -0.134846 9.4902e-008 0.990867 -0.134846 0.000996094 0.705157 -0.709051 0.000996095 0.705157 -0.709051 0.000996094 0.705157 -0.709051 0.000997727 0.70515 -0.709057 -0.000998796 0.990994 -0.133901 -0.000998796 0.990994 -0.133901 -0.000998796 0.990994 -0.133901 -0.00098591 0.990994 -0.133901 -0.00098591 0.990994 -0.133901 -0.00098591 0.990994 -0.133901 9.49096e-008 0.990859 -0.134899 9.49097e-008 0.990859 -0.1349 0.000999539 0.990994 -0.133901 0.000999539 0.990994 -0.133901 0.000999539 0.990994 -0.133901 0.000994409 0.990994 -0.1339 -0.000981592 0.645916 -0.763408 -0.000981592 0.645916 -0.763408 -0.000981591 0.645916 -0.763408 -0.000981758 0.64596 -0.763371 -0.000981758 0.64596 -0.763371 -0.000981758 0.64596 -0.763371 9.49097e-008 0.990859 -0.134899 9.49069e-008 0.990862 -0.13488 9.4907e-008 0.990862 -0.13488 9.4907e-008 0.990862 -0.13488 0.000991766 0.825351 0.564619 0.000994391 0.825351 0.564619 0.000994069 0.825351 0.564619 0.000991444 0.825351 0.564619 0.999999 -0.000132598 -0.000980587 0.999999 -0.000132598 -0.000980587 1 -0.000132598 -0.000980587 1 -0.000132264 -0.000978113 -1 0.000111677 -1.53356e-007 -1 0.000108741 -6.28901e-005 -1 4.25023e-006 -2.56398e-006 -1 0.000113506 -1.53246e-007 -0.999951 0.00495267 -0.00857819 -0.999946 0.00520941 -0.00902286 -0.999817 -1.53372e-007 -0.0191381 -0.999792 -1.68493e-007 -0.0204058 -1 7.49306e-008 2.59347e-006 -1 -7.32251e-006 -1.29662e-005 -1 -5.49422e-006 -9.79945e-006 -1 7.50179e-008 9.90669e-006 -1 -3.95527e-005 -2.08365e-005 -1 -3.86014e-005 -2.24838e-005 -1 -4.83283e-005 3.11992e-006 -1 -4.46718e-005 2.99485e-006 -1 -4.48163e-006 2.47721e-006 -1 -1.96335e-005 1.3277e-005 -1 1.13852e-005 -1.97431e-005 -1 3.9529e-006 -6.87024e-006 -1 7.50633e-008 1.37153e-005 -1 7.50296e-008 1.00585e-005 -1 2.33724e-005 4.01992e-005 -1 2.42866e-005 4.17826e-005 -1 7.80259e-005 4.48524e-005 -1 7.80259e-005 4.48524e-005 -0.286142 0.948126 0.138495 -0.415505 0.89378 0.168858 -0.00388228 0.970838 0.239706 -0.421173 0.868829 0.260288 -0.299848 0.899375 0.318143 -0.110605 0.952436 0.283957 0.0930665 0.97683 0.192724 0.281961 0.950285 0.132123 0.409201 0.897412 0.164944 0.41406 0.871188 0.263792 0.293674 0.899237 0.324236 0.107736 0.951014 0.289769 -0.0950855 0.97532 0.199272 -0.0110099 -0.999939 3.32287e-006 -0.00994134 -0.604196 0.796773 -0.693724 -0.604198 0.392036 -0.00395662 -0.999969 -0.00684575 -0.012271 0.355541 0.93458 -0.814141 0.355544 0.45909 -0.0213309 0.999772 4.23592e-006 -0.00875523 0.999847 -0.0151659 -0.0176184 0.355512 -0.934505 0.801099 0.35551 -0.481511 -0.0173175 -0.604141 -0.796689 0.681407 -0.60413 -0.413173 -0.0198697 -0.999803 3.32157e-006 -0.0100487 -0.999798 -0.0173977 -0.68157 -0.60414 -0.412889 0.00986496 -0.999805 -0.0170783 -0.801258 0.355512 -0.481245 0.00856081 0.999853 -0.0148386 0.814012 0.355547 0.459316 0.693607 -0.604206 0.39223 0.00382351 -0.999971 -0.0066142 0.016869 -0.604145 -0.796695 0.0193545 -0.999813 3.32815e-006 0.017158 0.355515 -0.934513 0.0207097 0.999786 5.01686e-006 0.0118021 0.355544 0.934585 0.00945932 -0.604199 0.796777 0.0104453 -0.999945 3.32645e-006 0.560611 -0.588883 -0.582179 -0.0825905 -0.986264 -0.143046 0.64229 0.342066 -0.685896 0.00912665 0.999833 0.0158117 -0.626027 0.339755 0.701895 -0.540667 -0.584451 0.605059 0.0966644 -0.981133 0.167435 0.84397 -0.435529 -0.313096 0.214539 -0.903266 -0.371595 0.816539 -0.36738 0.445305 0.856561 0.191003 0.479397 0.640788 0.341863 0.687402 0.504174 -0.575293 0.644086 0.171122 0.939611 -0.296394 0.936093 0.264236 -0.232185 -0.950086 0.292202 0.109342 -0.0820593 0.986442 0.142122 -0.842492 0.181051 -0.507373 -0.800002 -0.337193 -0.496284 -0.519647 -0.579341 -0.627958 -0.66398 0.344938 -0.663436 -0.224478 -0.893555 0.388804 -0.841666 -0.427781 0.329548 -0.00916944 -0.999832 0.0158785 -0.00929867 0.999827 0.0160986 -0.00585576 -0.999931 0.010139 1 -7.48997e-008 5.44185e-008 1 -5.22368e-008 1.60784e-007 1 -5.22368e-008 1.60784e-007 1 6.67081e-006 -4.84669e-006 1 2.39371e-008 1.73898e-008 1 2.39371e-008 1.73898e-008 1 1.04156e-006 -7.56756e-007 1 -1.21976e-007 8.8621e-008 1 -1.75323e-007 -5.39534e-007 1 2.35337e-006 7.24337e-006 1 -7.49016e-008 -5.44153e-008 1 6.67072e-006 4.84678e-006 1 2.39716e-005 8.57377e-005 0.999603 -0.0063228 0.0274423 0.740078 0.64834 0.178717 0.70712 0.707094 0.000118299 0.0626999 0.963156 0.261534 -2.3689e-005 1 -0.000173396 -0.684668 0.701613 0.197403 -0.707096 0.707116 -0.00135815 -0.999781 0.0054563 -0.0202084 -0.999996 2.29295e-005 -0.00294691 -0.683963 -0.693653 -0.225921 -0.707108 -0.707096 -0.00374022 0.0631076 -0.957597 -0.281114 -2.42298e-005 -0.999994 -0.00351798 0.739633 -0.642662 -0.199821 0.707132 -0.707074 -0.00311161 0.99862 0.0117865 -0.0511807 0.999995 2.39754e-005 -0.00299137 0.99947 0.026258 -0.0192443 0.765733 0.362189 0.531481 0.129737 0.534256 0.835308 -0.635705 0.406687 0.656113 -0.999741 -0.0175964 0.0144655 -0.636038 -0.419624 -0.647589 0.134104 -0.514802 -0.846756 0.765901 -0.324757 -0.554913 0.999855 0.0130775 -0.0109462 0.998392 0.0321837 -0.0466594 0.63518 0.519455 0.571587 -0.161056 0.660691 0.733177 -0.783855 0.445626 0.432421 -0.998123 0.0511801 -0.0336202 -0.790686 -0.35861 -0.496201 -0.163315 -0.595825 -0.786334 0.63947 -0.454031 -0.620431 0.999315 0.0163302 -0.0332063 0.99973 -0.00938478 -0.0212525 0.697927 0.713421 -0.0626751 -0.075868 0.995592 -0.0551445 -0.764113 0.643329 -0.0475355 -0.99857 0.0012466 -0.053452 -0.76475 -0.642408 -0.0496901 -0.0752371 -0.996526 -0.0357119 0.702032 -0.711605 -0.0277531 0.996846 -0.0137116 -0.0781677 0.999843 -0.0160097 -0.00764092 0.61841 0.493001 -0.61198 -0.139312 0.630083 -0.763929 -0.756764 0.397115 -0.519238 -0.995147 -0.0741928 -0.0646403 -0.748809 -0.521064 0.409607 -0.131827 -0.716028 0.685511 0.617118 -0.557332 0.55547 0.997489 -0.0569657 -0.0420827 0.994825 -0.101128 -0.00979486 0.764289 -0.0132039 -0.644739 -0.0218676 0.0566213 -0.998156 -0.780141 0.0541037 -0.623259 -0.999998 0.00179959 -0.0010745 -0.779871 -0.0662533 0.622424 -0.0151956 -0.0962667 0.99524 0.768182 -0.053566 0.637987 0.999641 0.0260054 0.00645728 0.978088 -0.207492 -0.0170476 0.777535 -0.146815 -0.611461 0.0334184 -0.0610843 -0.997573 -0.773289 -0.00745252 -0.63401 -0.999995 0.00312546 -0.000419604 -0.773804 0.0131644 0.633289 0.0329356 0.0629066 0.997476 0.780202 0.131449 0.61156 0.983445 0.180619 0.0145737 1 -0.000127102 -0.000940031 1 -0.000126173 -0.000933152 1 -0.000127249 -0.000941117 0.999999 -0.000128178 -0.000947996 0.000998778 0.86807 0.49644 0.000998778 0.86807 0.49644 0.000998778 0.86807 0.49644 0.00100569 0.868056 0.496465 0.00100569 0.868056 0.496465 0.00100569 0.868056 0.496465 -3.8882e-005 0.990868 -0.134832 -3.88821e-005 0.990868 -0.134832 -3.88821e-005 0.990868 -0.134832 -3.94286e-006 0.99086 -0.134896 -3.94286e-006 0.99086 -0.134896 -3.94286e-006 0.99086 -0.134896 -0.00099775 0.70515 -0.709057 -0.000997751 0.70515 -0.709057 -0.000997751 0.70515 -0.709057 -0.000991548 0.705163 -0.709044 -0.000991548 0.705163 -0.709044 -0.000991548 0.705163 -0.709044 0.000986123 0.990994 -0.133899 0.000986123 0.990995 -0.133899 0.000986123 0.990994 -0.133899 0.000997994 0.990994 -0.133901 0.000997994 0.990994 -0.133901 0.000997994 0.990994 -0.133901 9.49084e-008 0.990861 -0.13489 9.49097e-008 0.990859 -0.1349 -0.000994414 0.990994 -0.133899 -0.000994414 0.990994 -0.133899 -0.000994415 0.990995 -0.133899 -0.000998405 0.990994 -0.133901 0.000981783 0.645953 -0.763377 0.000981783 0.645953 -0.763377 0.000981783 0.645953 -0.763377 0.000981615 0.645916 -0.763408 0.000981615 0.645916 -0.763408 0.000981615 0.645916 -0.763408 9.49051e-008 0.990864 -0.134868 9.49094e-008 0.99086 -0.134898 -0.000991816 0.825368 0.564594 -0.000991493 0.825368 0.564594 -0.00099412 0.825368 0.564594 -0.000994443 0.825368 0.564594 -0.999999 -0.000132213 -0.00097925 -0.999999 -0.000132058 -0.000978104 -0.999999 -0.000132238 -0.000979431 -0.999999 -0.000132393 -0.000980578 1 0.000111773 1.54774e-007 1 0.000113567 1.54798e-007 1 4.37416e-006 -2.41512e-006 1 0.000108796 -6.27004e-005 0.999946 0.00520926 -0.00902255 0.999951 0.00495127 -0.00857567 0.999792 -3.1736e-007 -0.0204035 0.999817 -2.6621e-007 -0.0191308 1 -7.48729e-008 2.65245e-006 1 -7.47806e-008 1.00182e-005 1 -5.71564e-006 -9.61636e-006 1 -7.55713e-006 -1.28058e-005 1 -3.88286e-005 -2.22212e-005 1 -4.07311e-005 -1.89263e-005 1 -4.47382e-005 6.44993e-006 1 -4.83266e-005 6.7001e-006 1 -1.86011e-005 1.49533e-005 1 -6.55727e-006 3.89589e-006 1 3.50331e-006 -6.04413e-006 1 9.64111e-006 -1.6675e-005 1 -7.50064e-008 1.00326e-005 1 -7.50463e-008 1.37157e-005 1 2.40389e-005 4.19204e-005 1 2.31419e-005 4.03666e-005 1 7.78464e-005 4.51405e-005 1 7.78462e-005 4.51404e-005 0.286134 0.948128 0.138492 0.00387303 0.970837 0.239708 0.415501 0.893783 0.168851 0.421169 0.868829 0.260295 0.299842 0.899376 0.318146 0.110602 0.952436 0.283958 -0.0930712 0.976827 0.192737 -0.28197 0.950281 0.132131 -0.409213 0.897406 0.164944 -0.414075 0.871176 0.263806 -0.293679 0.899234 0.324241 -0.10774 0.951018 0.289752 0.095078 0.975321 0.199274 0.0110107 -0.999939 -3.64229e-005 0.00393956 -0.999969 -0.00685697 0.693729 -0.604208 0.392011 0.00993706 -0.604215 0.796759 0.81412 0.355606 0.459078 0.0122701 0.355559 0.934573 0.00875221 0.999847 -0.0151722 0.0213263 0.999773 -4.57125e-005 -0.801098 0.355522 -0.481503 0.0176209 0.355495 -0.934512 -0.68141 -0.604142 -0.41315 0.01732 -0.604125 -0.796702 0.0100314 -0.999798 -0.0174084 0.0198762 -0.999802 -3.64544e-005 -0.00985214 -0.999805 -0.0170954 0.681563 -0.604149 -0.412887 0.801254 0.35552 -0.481245 -0.00854876 0.999853 -0.0148401 -0.813993 0.355605 0.459304 -0.693608 -0.604209 0.392224 -0.0038071 -0.999971 -0.00662506 -0.0193547 -0.999813 2.40339e-006 -0.0168678 -0.604165 -0.796681 -0.0171577 0.355483 -0.934525 -0.020706 0.999786 4.20739e-005 -0.0118033 0.355542 0.934586 -0.00946174 -0.6042 0.796777 -0.010453 -0.999945 2.42015e-006 0.0825792 -0.986263 -0.14306 -0.560602 -0.588892 -0.582178 -0.642294 0.34205 -0.685901 -0.00912611 0.999833 0.0158182 0.626019 0.339785 0.701888 0.54066 -0.58446 0.605056 -0.0966808 -0.981133 0.167425 -0.214543 -0.90325 -0.371632 -0.843966 -0.435525 -0.313112 -0.816535 -0.367399 0.445297 -0.504175 -0.575298 0.644081 -0.640775 0.341902 0.687394 -0.856565 0.190975 0.479401 -0.936086 0.264262 -0.232183 -0.171106 0.939624 -0.296362 0.082064 0.986441 0.142122 0.950088 0.292194 0.10934 0.842486 0.181066 -0.507378 0.663981 0.344928 -0.663441 0.519652 -0.579345 -0.62795 0.800007 -0.337205 -0.496268 0.841664 -0.427783 0.329549 0.224502 -0.893548 0.388808 0.00918089 -0.999832 0.0158613 0.00929959 0.999827 0.0160955 0.0058665 -0.999932 0.0101206 -1 7.4899e-008 -5.4418e-008 -1 6.82058e-006 -4.95551e-006 -1 5.22373e-008 -1.60783e-007 -1 5.22373e-008 -1.60783e-007 -1 -2.39317e-008 -1.73847e-008 -1 -2.39316e-008 -1.73847e-008 -1 1.21976e-007 -8.86256e-008 -1 1.28554e-006 -9.34077e-007 -1 2.2774e-006 7.00988e-006 -1 -2.51229e-007 -7.73161e-007 -1 6.82042e-006 4.95557e-006 -1 7.49003e-008 5.44146e-008 </float_array>
          <technique_common>
            <accessor count="1061" offset="0" source="#meshId0-bitangents-array" stride="3">
              <param name="X" type="float" />
              <param name="Y" type="float" />
              <param name="Z" type="float" />
            </accessor>
          </technique_common>
        </source>
        <source id="meshId0-tex0" name="meshId0-tex0">
          <float_array id="meshId0-tex0-array" count="2122"> 0.196146 0.535302 0.184062 0.532233 0.187677 0.52578 0.184909 0.539922 0.189703 0.545989 0.196824 0.548025 0.204049 0.545046 0.209046 0.537785 0.194883 0.522826 0.203532 0.524498 0.17277 0.529684 0.179308 0.517553 0.174361 0.544263 0.183482 0.555752 0.196675 0.559746 0.209849 0.555142 0.22033 0.543809 0.191894 0.511577 0.207292 0.51237 0.161873 0.527439 0.171358 0.509729 0.164071 0.548485 0.177301 0.564991 0.196464 0.5709 0.215089 0.565171 0.229192 0.552117 0.188778 0.500683 0.207573 0.500435 0.154197 0.500605 0.15424 0.39081 0.171615 0.390823 0.171487 0.500621 0.135909 0.500605 0.135909 0.39081 0.117602 0.500605 0.117602 0.39081 0.10027 0.500605 0.10027 0.390806 0.0829369 0.500605 0.0829368 0.390806 0.0646287 0.500605 0.0646287 0.390806 0.18899 0.390813 0.207319 0.390777 0.776693 0.962091 0.788 0.949393 0.800262 0.954282 0.789646 0.970322 0.547795 0.961347 0.536979 0.972148 0.519225 0.955007 0.530262 0.948397 0.708136 0.976665 0.707584 0.962196 0.776693 0.962091 0.776552 0.975662 0.616875 0.960856 0.616748 0.974632 0.548336 0.975636 0.547795 0.961347 0.775482 0.899908 0.776387 0.914359 0.548141 0.91683 0.54863 0.903238 0.787858 0.927466 0.53031 0.929247 0.548141 0.91683 0.776387 0.914359 0.790772 0.938385 0.787858 0.927466 0.800258 0.923052 0.803872 0.938675 0.519178 0.923098 0.53031 0.929247 0.527508 0.938792 0.514428 0.939096 0.790772 0.938385 0.788 0.949393 0.530262 0.948397 0.527508 0.938792 0.776387 0.914359 0.789793 0.90691 0.537186 0.906145 0.548141 0.91683 0.776693 0.962091 0.707584 0.962196 0.616875 0.960856 0.547795 0.961347 0.589972 0.860325 0.603924 0.866444 0.604425 0.883133 0.590649 0.883103 0.705884 0.856867 0.794276 0.854233 0.794956 0.877009 0.706562 0.879645 0.692319 0.863807 0.705884 0.856867 0.706562 0.879645 0.692816 0.880496 0.603924 0.866444 0.692319 0.863807 0.692816 0.880496 0.604425 0.883133 0.196146 0.535302 0.184062 0.532233 0.187677 0.52578 0.184909 0.539922 0.189703 0.545989 0.196824 0.548025 0.204049 0.545046 0.209046 0.537785 0.194883 0.522826 0.203532 0.524498 0.17277 0.529684 0.179308 0.517553 0.174361 0.544263 0.183482 0.555752 0.196675 0.559746 0.209849 0.555142 0.22033 0.543809 0.191894 0.511577 0.207292 0.51237 0.161873 0.527439 0.171358 0.509729 0.164071 0.548485 0.177301 0.564991 0.196464 0.5709 0.215089 0.565171 0.229192 0.552117 0.188778 0.500683 0.207573 0.500435 0.154197 0.500605 0.15424 0.39081 0.171615 0.390823 0.171615 0.390823 0.171487 0.500621 0.154197 0.500605 0.135909 0.500605 0.135909 0.39081 0.15424 0.39081 0.154197 0.500605 0.117602 0.500605 0.117602 0.39081 0.135909 0.39081 0.135909 0.500605 0.10027 0.500605 0.10027 0.390806 0.117602 0.39081 0.117602 0.39081 0.117602 0.500605 0.10027 0.500605 0.0829369 0.500605 0.0829368 0.390806 0.10027 0.390806 0.10027 0.500605 0.0646287 0.500605 0.0646287 0.390806 0.0829368 0.390806 0.0829369 0.500605 0.188778 0.500683 0.18899 0.390813 0.207319 0.390777 0.207319 0.390777 0.207573 0.500435 0.188778 0.500683 0.171487 0.500621 0.171615 0.390823 0.18899 0.390813 0.188778 0.500683 0.776693 0.962091 0.788 0.949393 0.800262 0.954282 0.800262 0.954282 0.789646 0.970322 0.776693 0.962091 0.547795 0.961347 0.536979 0.972148 0.519225 0.955007 0.530262 0.948397 0.708136 0.976665 0.707584 0.962196 0.776693 0.962091 0.776552 0.975662 0.616875 0.960856 0.616748 0.974632 0.548336 0.975636 0.547795 0.961347 0.775482 0.899908 0.776387 0.914359 0.548141 0.91683 0.548141 0.91683 0.54863 0.903238 0.775482 0.899908 0.787858 0.927466 0.53031 0.929247 0.548141 0.91683 0.548141 0.91683 0.776387 0.914359 0.787858 0.927466 0.790772 0.938385 0.787858 0.927466 0.800258 0.923052 0.800258 0.923052 0.803872 0.938675 0.790772 0.938385 0.519178 0.923098 0.53031 0.929247 0.527508 0.938792 0.527508 0.938792 0.514428 0.939096 0.519178 0.923098 0.790772 0.938385 0.788 0.949393 0.530262 0.948397 0.527508 0.938792 0.788 0.949393 0.790772 0.938385 0.803872 0.938675 0.803872 0.938675 0.800262 0.954282 0.788 0.949393 0.514428 0.939096 0.527508 0.938792 0.530262 0.948397 0.530262 0.948397 0.519225 0.955007 0.514428 0.939096 0.787858 0.927466 0.776387 0.914359 0.789793 0.90691 0.789793 0.90691 0.800258 0.923052 0.787858 0.927466 0.537186 0.906145 0.548141 0.91683 0.53031 0.929247 0.53031 0.929247 0.519178 0.923098 0.537186 0.906145 0.776693 0.962091 0.707584 0.962196 0.616875 0.960856 0.616875 0.960856 0.547795 0.961347 0.530262 0.948397 0.589972 0.860325 0.603924 0.866444 0.604425 0.883133 0.590649 0.883103 0.705884 0.856867 0.794276 0.854233 0.794956 0.877009 0.794956 0.877009 0.706562 0.879645 0.705884 0.856867 0.692319 0.863807 0.705884 0.856867 0.706562 0.879645 0.706562 0.879645 0.692816 0.880496 0.692319 0.863807 0.603924 0.866444 0.692319 0.863807 0.692816 0.880496 0.604425 0.883133 0.483982 0.016429 0.48401 0.0228492 0.284577 0.0237202 0.284549 0.0172998 0.485269 0.310387 0.285836 0.311259 0.285804 0.304838 0.485239 0.303967 0.486498 0.591505 0.287064 0.592376 0.285836 0.311259 0.485269 0.310387 0.00472301 0.312892 0.00468581 0.306471 0.285804 0.304838 0.285836 0.311259 0.284577 0.0237202 0.48401 0.0228492 0.485239 0.303967 0.285804 0.304838 0.48401 0.0228492 0.490431 0.022821 0.491659 0.303939 0.485239 0.303967 0.857505 0.445024 0.845164 0.441843 0.849676 0.434307 0.845363 0.449538 0.849981 0.455071 0.857434 0.456986 0.864908 0.455185 0.869591 0.449723 0.869878 0.442028 0.86546 0.434433 0.83348 0.440826 0.839432 0.426594 0.834645 0.454684 0.843419 0.464802 0.857363 0.467812 0.871348 0.465027 0.880255 0.455019 0.881549 0.441162 0.875773 0.426853 0.822175 0.44022 0.828203 0.422003 0.824575 0.459622 0.838081 0.475102 0.857272 0.477395 0.876513 0.475415 0.890274 0.460066 0.892845 0.440664 0.887044 0.422389 0.803483 0.475351 0.8033 0.58494 0.785023 0.584911 0.78521 0.47532 0.820783 0.47538 0.820598 0.58497 0.837899 0.585309 0.856388 0.585748 0.874885 0.585613 0.893806 0.47598 0.892187 0.585558 0.911104 0.476234 0.909486 0.585814 0.929377 0.476505 0.927757 0.586082 0.5614 0.749487 0.548833 0.742122 0.549563 0.711866 0.56229 0.712649 0.649804 0.751623 0.5614 0.749487 0.56229 0.712649 0.650695 0.714783 0.460429 0.739988 0.44752 0.746737 0.448409 0.7099 0.461159 0.709731 0.548833 0.742122 0.460429 0.739988 0.461159 0.709731 0.549563 0.711866 0.738481 0.828987 0.749665 0.815178 0.761065 0.819763 0.75051 0.836398 0.509745 0.833055 0.499866 0.843077 0.481669 0.825724 0.49182 0.819609 0.66992 0.842924 0.669443 0.829942 0.738481 0.828987 0.738364 0.841973 0.578786 0.831529 0.578768 0.844518 0.510339 0.846034 0.509745 0.833055 0.736292 0.765802 0.737145 0.778775 0.50904 0.783313 0.50938 0.770317 0.749145 0.79196 0.491477 0.797347 0.50904 0.783313 0.737145 0.778775 0.752377 0.803468 0.749145 0.79196 0.760505 0.787462 0.764588 0.803585 0.480923 0.79218 0.491477 0.797347 0.488853 0.808489 0.476656 0.809081 0.752377 0.803468 0.749665 0.815178 0.49182 0.819609 0.488853 0.808489 0.737145 0.778775 0.749063 0.771334 0.498416 0.774081 0.50904 0.783313 0.738481 0.828987 0.669443 0.829942 0.578786 0.831529 0.509745 0.833055 0.857505 0.445024 0.845164 0.441843 0.849676 0.434307 0.845363 0.449538 0.849981 0.455071 0.857434 0.456986 0.864908 0.455185 0.869591 0.449723 0.869878 0.442028 0.86546 0.434433 0.83348 0.440826 0.839432 0.426594 0.834645 0.454684 0.843419 0.464802 0.857363 0.467812 0.871348 0.465027 0.880255 0.455019 0.881549 0.441162 0.875773 0.426853 0.822175 0.44022 0.828203 0.422003 0.824575 0.459622 0.838081 0.475102 0.857272 0.477395 0.876513 0.475415 0.890274 0.460066 0.892845 0.440664 0.887044 0.422389 0.803483 0.475351 0.8033 0.58494 0.785023 0.584911 0.785023 0.584911 0.78521 0.47532 0.803483 0.475351 0.820783 0.47538 0.820598 0.58497 0.8033 0.58494 0.8033 0.58494 0.803483 0.475351 0.820783 0.47538 0.838081 0.475102 0.837899 0.585309 0.820598 0.58497 0.820783 0.47538 0.857272 0.477395 0.856388 0.585748 0.837899 0.585309 0.838081 0.475102 0.876513 0.475415 0.874885 0.585613 0.856388 0.585748 0.856388 0.585748 0.857272 0.477395 0.876513 0.475415 0.893806 0.47598 0.892187 0.585558 0.874885 0.585613 0.874885 0.585613 0.876513 0.475415 0.893806 0.47598 0.911104 0.476234 0.909486 0.585814 0.892187 0.585558 0.892187 0.585558 0.893806 0.47598 0.911104 0.476234 0.929377 0.476505 0.927757 0.586082 0.909486 0.585814 0.909486 0.585814 0.911104 0.476234 0.929377 0.476505 0.5614 0.749487 0.548833 0.742122 0.549563 0.711866 0.549563 0.711866 0.56229 0.712649 0.5614 0.749487 0.649804 0.751623 0.5614 0.749487 0.56229 0.712649 0.56229 0.712649 0.650695 0.714783 0.649804 0.751623 0.460429 0.739988 0.44752 0.746737 0.448409 0.7099 0.448409 0.7099 0.461159 0.709731 0.460429 0.739988 0.548833 0.742122 0.460429 0.739988 0.461159 0.709731 0.549563 0.711866 0.738481 0.828987 0.749665 0.815178 0.761065 0.819763 0.761065 0.819763 0.75051 0.836398 0.738481 0.828987 0.509745 0.833055 0.499866 0.843077 0.481669 0.825724 0.481669 0.825724 0.49182 0.819609 0.509745 0.833055 0.66992 0.842924 0.669443 0.829942 0.738481 0.828987 0.738481 0.828987 0.738364 0.841973 0.66992 0.842924 0.578786 0.831529 0.578768 0.844518 0.510339 0.846034 0.510339 0.846034 0.509745 0.833055 0.578786 0.831529 0.736292 0.765802 0.737145 0.778775 0.50904 0.783313 0.50904 0.783313 0.50938 0.770317 0.736292 0.765802 0.749145 0.79196 0.491477 0.797347 0.50904 0.783313 0.50904 0.783313 0.737145 0.778775 0.749145 0.79196 0.752377 0.803468 0.749145 0.79196 0.760505 0.787462 0.760505 0.787462 0.764588 0.803585 0.752377 0.803468 0.480923 0.79218 0.491477 0.797347 0.488853 0.808489 0.488853 0.808489 0.476656 0.809081 0.480923 0.79218 0.752377 0.803468 0.749665 0.815178 0.49182 0.819609 0.49182 0.819609 0.488853 0.808489 0.752377 0.803468 0.749665 0.815178 0.752377 0.803468 0.764588 0.803585 0.764588 0.803585 0.761065 0.819763 0.749665 0.815178 0.476656 0.809081 0.488853 0.808489 0.49182 0.819609 0.49182 0.819609 0.481669 0.825724 0.476656 0.809081 0.752377 0.803468 0.488853 0.808489 0.491477 0.797347 0.491477 0.797347 0.749145 0.79196 0.752377 0.803468 0.749145 0.79196 0.737145 0.778775 0.749063 0.771334 0.749063 0.771334 0.760505 0.787462 0.749145 0.79196 0.498416 0.774081 0.50904 0.783313 0.491477 0.797347 0.491477 0.797347 0.480923 0.79218 0.498416 0.774081 0.749665 0.815178 0.738481 0.828987 0.669443 0.829942 0.749665 0.815178 0.669443 0.829942 0.578786 0.831529 0.578786 0.831529 0.509745 0.833055 0.49182 0.819609 0.749665 0.815178 0.578786 0.831529 0.49182 0.819609 0.513053 0.0228494 0.513053 0.0164291 0.712488 0.016429 0.712489 0.0228492 0.513055 0.30397 0.712488 0.30397 0.712493 0.31039 0.513057 0.31039 0.513053 0.0228494 0.712489 0.0228492 0.712488 0.30397 0.513055 0.30397 0.993605 0.303472 0.993617 0.309892 0.712493 0.31039 0.712488 0.30397 0.712493 0.591511 0.513058 0.591511 0.513057 0.31039 0.712493 0.31039 0.506633 0.0228494 0.513053 0.0228494 0.513055 0.30397 0.506635 0.30397 0.961771 0.629415 0.961147 0.636485 0.239409 0.636418 0.240342 0.629359 0.959684 0.643531 0.237437 0.643416 0.958295 0.650543 0.235552 0.650932 0.957829 0.657529 0.234904 0.659245 0.958624 0.664602 0.235899 0.667478 0.960318 0.671786 0.238099 0.674799 0.962034 0.679006 0.240342 0.681581 0.962778 0.686164 0.241505 0.68853 0.217657 0.634985 0.216233 0.627856 0.220841 0.642176 0.224227 0.650237 0.225833 0.659397 0.224637 0.668619 0.221633 0.676829 0.218801 0.684163 0.217731 0.691351 0.186677 0.640512 0.184768 0.631759 0.190384 0.647193 0.194053 0.653063 0.195778 0.659817 0.194453 0.666743 0.191103 0.672975 0.187749 0.679987 0.186322 0.688883 0.167957 0.639721 0.167304 0.631276 0.169028 0.6465 0.169958 0.652914 0.170565 0.660383 0.170527 0.668069 0.169954 0.674909 0.169235 0.681998 0.16913 0.690537 0.148476 0.641119 0.148663 0.632436 0.147824 0.649331 0.147131 0.656443 0.146932 0.662507 0.147516 0.668179 0.148608 0.674572 0.149725 0.682324 0.150466 0.69087 0.125435 0.639493 0.126072 0.631562 0.122483 0.645875 0.119224 0.652997 0.117894 0.662475 0.119683 0.671927 0.123373 0.678949 0.126748 0.685197 0.127879 0.693086 0.0584272 0.651844 0.0590673 0.648649 0.0559187 0.655338 0.0533768 0.659471 0.052384 0.66453 0.0536073 0.669532 0.0563784 0.673522 0.0591136 0.676871 0.0599564 0.680025 0.205553 0.0450327 0.205591 0.0852519 0.169749 0.0852862 0.169711 0.0450664 0.250485 0.0836196 0.250492 0.0913088 0.210273 0.091349 0.210273 0.091349 0.210265 0.0836598 0.250485 0.0836196 0.205591 0.0852519 0.210273 0.091349 0.165078 0.0913942 0.165078 0.0913942 0.169749 0.0852862 0.205591 0.0852519 0.16507 0.0837059 0.165078 0.0913942 0.124859 0.0914344 0.124851 0.083746 0.210273 0.091349 0.250492 0.0913088 0.250631 0.234499 0.250631 0.234499 0.210411 0.234538 0.210273 0.091349 0.210411 0.234538 0.165216 0.234584 0.124859 0.0914344 0.165078 0.0913942 0.165216 0.234584 0.124997 0.234624 0.210411 0.234538 0.250631 0.234499 0.250638 0.241479 0.250638 0.241479 0.210418 0.241518 0.210411 0.234538 0.20574 0.239725 0.20574 0.239725 0.169898 0.239761 0.165216 0.234584 0.124997 0.234624 0.165216 0.234584 0.165223 0.241564 0.125004 0.241604 0.169937 0.27998 0.169898 0.239761 0.20574 0.239725 0.20578 0.279945 0.296857 0.842057 0.321728 0.842054 0.32173 0.896781 0.296861 0.896784 0.346517 0.842049 0.34668 0.896783 0.371299 0.841591 0.372976 0.896282 0.0730686 0.842065 0.0979329 0.842065 0.0979335 0.896792 0.0730686 0.896791 0.122797 0.842065 0.122798 0.896791 0.147661 0.842063 0.147662 0.896789 0.172527 0.842062 0.172528 0.896789 0.197394 0.842062 0.197394 0.896788 0.22226 0.842062 0.22226 0.896789 0.247125 0.842062 0.247126 0.896788 0.27199 0.84206 0.271993 0.896786 0.322914 0.910767 0.34668 0.896783 0.360808 0.947216 0.372976 0.896282 0.397285 0.909293 0.411622 0.932777 0.41224 0.960249 0.399031 0.984328 0.375549 0.998566 0.348091 0.999125 0.324053 0.985833 0.309937 0.962266 0.309521 0.934795 0.135118 0.79335 0.135397 0.780312 0.200404 0.780529 0.200224 0.793468 0.136094 0.767373 0.200624 0.767911 0.136574 0.753899 0.200848 0.754922 0.136536 0.74042 0.201039 0.741935 0.136263 0.727469 0.201219 0.729321 0.136411 0.714433 0.201446 0.716386 0.265169 0.781513 0.264949 0.79445 0.265346 0.768897 0.265536 0.755911 0.265758 0.742925 0.265976 0.730311 0.266151 0.717375 0.330132 0.783321 0.329991 0.796356 0.329854 0.770374 0.329811 0.756896 0.330287 0.743422 0.330979 0.730482 0.331252 0.717446 0.396329 0.784268 0.399235 0.797204 0.392563 0.771294 0.390864 0.75789 0.392999 0.744544 0.397195 0.731687 0.40055 0.71885 0.456061 0.760063 0.464505 0.769969 0.0120327 0.750491 0.0250015 0.745408 0.0733819 0.766222 0.0691818 0.779076 0.439181 0.750744 0.445899 0.758276 0.447238 0.755004 0.440132 0.762807 0.0267115 0.760999 0.0143657 0.756 0.0700663 0.726493 0.0738263 0.739471 0.464934 0.747779 0.456133 0.757409 0.0658244 0.791911 0.0755216 0.752877 0.0671663 0.713556 0.924882 0.895346 0.908243 0.895346 0.908243 0.810687 0.924882 0.810687 0.891605 0.895346 0.891605 0.810687 0.874966 0.895346 0.874966 0.810687 0.858328 0.895346 0.858328 0.810687 0.84169 0.895346 0.84169 0.810687 0.961771 0.629415 0.240342 0.629359 0.239409 0.636418 0.961147 0.636485 0.237437 0.643416 0.959684 0.643531 0.235552 0.650932 0.958295 0.650543 0.234904 0.659245 0.957829 0.657529 0.235899 0.667478 0.958624 0.664602 0.238099 0.674799 0.960318 0.671786 0.240342 0.681581 0.962034 0.679006 0.241505 0.68853 0.962778 0.686164 0.216233 0.627856 0.217657 0.634985 0.220841 0.642176 0.224227 0.650237 0.225833 0.659397 0.224637 0.668619 0.221633 0.676829 0.218801 0.684163 0.217731 0.691351 0.184768 0.631759 0.186677 0.640512 0.190384 0.647193 0.194053 0.653063 0.195778 0.659817 0.194453 0.666743 0.191103 0.672975 0.187749 0.679987 0.186322 0.688883 0.167304 0.631276 0.167957 0.639721 0.169028 0.6465 0.169958 0.652914 0.170565 0.660383 0.170527 0.668069 0.169954 0.674909 0.169235 0.681998 0.16913 0.690537 0.148663 0.632436 0.148476 0.641119 0.147824 0.649331 0.147131 0.656443 0.146932 0.662507 0.147516 0.668179 0.148608 0.674572 0.149725 0.682324 0.150466 0.69087 0.126072 0.631562 0.125435 0.639493 0.122483 0.645875 0.119224 0.652997 0.117894 0.662475 0.119683 0.671927 0.123373 0.678949 0.126748 0.685197 0.127879 0.693086 0.0590673 0.648649 0.0584272 0.651844 0.0559187 0.655338 0.0533768 0.659471 0.052384 0.66453 0.0536073 0.669532 0.0563784 0.673522 0.0591136 0.676871 0.0599564 0.680025 0.205553 0.0450327 0.169711 0.0450664 0.169749 0.0852862 0.205591 0.0852519 0.250485 0.0836196 0.210265 0.0836598 0.210273 0.091349 0.210273 0.091349 0.250492 0.0913088 0.250485 0.0836196 0.205591 0.0852519 0.169749 0.0852862 0.165078 0.0913942 0.165078 0.0913942 0.210273 0.091349 0.205591 0.0852519 0.16507 0.0837059 0.124851 0.083746 0.124859 0.0914344 0.124859 0.0914344 0.165078 0.0913942 0.16507 0.0837059 0.210273 0.091349 0.210411 0.234538 0.250631 0.234499 0.250631 0.234499 0.250492 0.0913088 0.210273 0.091349 0.165216 0.234584 0.210411 0.234538 0.124859 0.0914344 0.124997 0.234624 0.165216 0.234584 0.165078 0.0913942 0.210411 0.234538 0.210418 0.241518 0.250638 0.241479 0.250638 0.241479 0.250631 0.234499 0.210411 0.234538 0.169898 0.239761 0.20574 0.239725 0.124997 0.234624 0.125004 0.241604 0.165223 0.241564 0.165216 0.234584 0.169937 0.27998 0.20578 0.279945 0.20574 0.239725 0.169898 0.239761 0.296857 0.842057 0.296861 0.896784 0.32173 0.896781 0.321728 0.842054 0.34668 0.896783 0.346517 0.842049 0.372976 0.896282 0.371299 0.841591 0.0730686 0.842065 0.0730686 0.896791 0.0979335 0.896792 0.0979329 0.842065 0.122798 0.896791 0.122797 0.842065 0.147662 0.896789 0.147661 0.842063 0.172528 0.896789 0.172527 0.842062 0.197394 0.896788 0.197394 0.842062 0.22226 0.896789 0.22226 0.842062 0.247126 0.896788 0.247125 0.842062 0.271993 0.896786 0.27199 0.84206 0.322914 0.910767 0.360808 0.947216 0.34668 0.896783 0.372976 0.896282 0.397285 0.909293 0.411622 0.932777 0.41224 0.960249 0.399031 0.984328 0.375549 0.998566 0.348091 0.999125 0.324053 0.985833 0.309937 0.962266 0.309521 0.934795 0.135118 0.79335 0.200224 0.793468 0.200404 0.780529 0.135397 0.780312 0.200624 0.767911 0.136094 0.767373 0.200848 0.754922 0.136574 0.753899 0.201039 0.741935 0.136536 0.74042 0.201219 0.729321 0.136263 0.727469 0.201446 0.716386 0.136411 0.714433 0.264949 0.79445 0.265169 0.781513 0.265346 0.768897 0.265536 0.755911 0.265758 0.742925 0.265976 0.730311 0.266151 0.717375 0.329991 0.796356 0.330132 0.783321 0.329854 0.770374 0.329811 0.756896 0.330287 0.743422 0.330979 0.730482 0.331252 0.717446 0.399235 0.797204 0.396329 0.784268 0.392563 0.771294 0.390864 0.75789 0.392999 0.744544 0.397195 0.731687 0.40055 0.71885 0.464505 0.769969 0.456061 0.760063 0.0120327 0.750491 0.0691818 0.779076 0.0733819 0.766222 0.0250015 0.745408 0.445899 0.758276 0.439181 0.750744 0.440132 0.762807 0.447238 0.755004 0.0267115 0.760999 0.0738263 0.739471 0.0700663 0.726493 0.0143657 0.756 0.456133 0.757409 0.464934 0.747779 0.0658244 0.791911 0.0755216 0.752877 0.0671663 0.713556 0.924882 0.895346 0.924882 0.810687 0.908243 0.810687 0.908243 0.895346 0.891605 0.810687 0.891605 0.895346 0.874966 0.810687 0.874966 0.895346 0.858328 0.810687 0.858328 0.895346 0.84169 0.810687 0.84169 0.895346 </float_array>
          <technique_common>
            <accessor count="1061" offset="0" source="#meshId0-tex0-array" stride="2">
              <param name="S" type="float" />
              <param name="T" type="float" />
            </accessor>
          </technique_common>
        </source>
        <vertices id="meshId0-vertices">
          <input semantic="POSITION" source="#meshId0-positions" />
          <input semantic="NORMAL" source="#meshId0-normals" />
          <input semantic="TANGENT" source="#meshId0-tangents" />
          <input semantic="BINORMAL" source="#meshId0-bitangents" />
          <input semantic="TEXCOORD" source="#meshId0-tex0"  />
        </vertices>
        <polylist count="912" material="defaultMaterial">
          <input offset="0" semantic="VERTEX" source="#meshId0-vertices" />
          <vcount>3 3 3 3 3 3 3 3 3 3 3 3 3 3 3 3 3 3 3 3 3 3 3 3 3 3 3 3 3 3 3 3 3 3 3 3 3 3 3 3 3 3 3 3 3 3 3 3 3 3 3 3 3 3 3 3 3 3 3 3 3 3 3 3 3 3 3 3 3 3 3 3 3 3 3 3 3 3 3 3 3 3 3 3 3 3 3 3 3 3 3 3 3 3 3 3 3 3 3 3 3 3 3 3 3 3 3 3 3 3 3 3 3 3 3 3 3 3 3 3 3 3 3 3 3 3 3 3 3 3 3 3 3 3 3 3 3 3 3 3 3 3 3 3 3 3 3 3 3 3 3 3 3 3 3 3 3 3 3 3 3 3 3 3 3 3 3 3 3 3 3 3 3 3 3 3 3 3 3 3 3 3 3 3 3 3 3 3 3 3 3 3 3 3 3 3 3 3 3 3 3 3 3 3 3 3 3 3 3 3 3 3 3 3 3 3 3 3 3 3 3 3 3 3 3 3 3 3 3 3 3 3 3 3 3 3 3 3 3 3 3 3 3 3 3 3 3 3 3 3 3 3 3 3 3 3 3 3 3 3 3 3 3 3 3 3 3 3 3 3 3 3 3 3 3 3 3 3 3 3 3 3 3 3 3 3 3 3 3 3 3 3 3 3 3 3 3 3 3 3 3 3 3 3 3 3 3 3 3 3 3 3 3 3 3 3 3 3 3 3 3 3 3 3 3 3 3 3 3 3 3 3 3 3 3 3 3 3 3 3 3 3 3 3 3 3 3 3 3 3 3 3 3 3 3 3 3 3 3 3 3 3 3 3 3 3 3 3 3 3 3 3 3 3 3 3 3 3 3 3 3 3 3 3 3 3 3 3 3 3 3 3 3 3 3 3 3 3 3 3 3 3 3 3 3 3 3 3 3 3 3 3 3 3 3 3 3 3 3 3 3 3 3 3 3 3 3 3 3 3 3 3 3 3 3 3 3 3 3 3 3 3 3 3 3 3 3 3 3 3 3 3 3 3 3 3 3 3 3 3 3 3 3 3 3 3 3 3 3 3 3 3 3 3 3 3 3 3 3 3 3 3 3 3 3 3 3 3 3 3 3 3 3 3 3 3 3 3 3 3 3 3 3 3 3 3 3 3 3 3 3 3 3 3 3 3 3 3 3 3 3 3 3 3 3 3 3 3 3 3 3 3 3 3 3 3 3 3 3 3 3 3 3 3 3 3 3 3 3 3 3 3 3 3 3 3 3 3 3 3 3 3 3 3 3 3 3 3 3 3 3 3 3 3 3 3 3 3 3 3 3 3 3 3 3 3 3 3 3 3 3 3 3 3 3 3 3 3 3 3 3 3 3 3 3 3 3 3 3 3 3 3 3 3 3 3 3 3 3 3 3 3 3 3 3 3 3 3 3 3 3 3 3 3 3 3 3 3 3 3 3 3 3 3 3 3 3 3 3 3 3 3 3 3 3 3 3 3 3 3 3 3 3 3 3 3 3 3 3 3 3 3 3 3 3 3 3 3 3 3 3 3 3 3 3 3 3 3 3 3 3 3 3 3 3 3 3 3 3 3 3 3 3 3 3 3 3 3 3 3 3 3 3 3 3 3 3 3 3 3 3 3 3 3 3 3 3 3 3 3 3 3 3 3 3 3 3 3 3 3 3 3 3 3 3 3 3 3 3 3 3 3 3 3 3 3 3 3 3 3 3 3 3 3 3 3 3 3 3 3 3 3 3 3 3 3 3 3 3 3 3 3 3 3 3 3 3 3 3 3 3 3 3 3 3 3 3 3 3 3 3 3 3 3 3 3 3 3 3 3 3 3 3 3 3 3 3 3 3 3 3 3 3 3 3 3 3 3 3 3 3 3 3 3 3 3 3 3 3 3 3 3 3 3 3 3 3 3 3 3 3 3 3 3 3 3 3 3 3 3 3 3 3 3 3 3 3 3 3 3 3 3 3 3 3 3 3 3 3 3 3 3 3 3 3 3 3 3 3 3 3 3 3 3 3 3 3 3 3 3 3 3 3 3 3 3 3 3 3 3 3 3 </vcount>
          <p>0 1 2 0 3 1 0 4 3 0 5 4 0 6 5 0 7 6 0 8 9 0 2 8 10 11 2 2 1 10 12 10 1 1 3 12 13 12 3 3 4 13 14 13 4 4 5 14 15 14 5 5 6 15 16 15 6 6 7 16 17 18 9 9 8 17 11 17 8 8 2 11 19 20 11 11 10 19 21 19 10 10 12 21 22 21 12 12 13 22 23 22 13 13 14 23 24 23 14 14 15 24 25 24 15 15 16 25 26 27 18 18 17 26 20 26 17 17 11 20 28 29 30 30 31 28 32 33 29 29 28 32 34 35 33 33 32 34 36 37 35 35 34 36 38 39 37 37 36 38 40 41 39 39 38 40 26 42 43 43 27 26 31 30 42 42 26 31 44 45 46 46 47 44 48 49 50 50 51 48 52 53 54 54 55 52 56 57 58 58 59 56 60 61 62 62 63 60 64 65 66 66 67 64 68 69 70 70 71 68 72 73 74 74 75 72 76 77 78 78 79 76 45 68 71 71 46 45 75 74 51 51 50 75 76 79 65 65 64 76 69 80 81 81 70 69 82 83 73 73 72 82 77 84 85 77 85 86 86 87 78 77 86 78 88 89 90 90 91 88 92 93 94 94 95 92 96 97 98 98 99 96 100 101 102 102 103 100 104 105 106 104 107 105 104 108 107 104 109 108 104 110 109 104 111 110 104 112 113 104 106 112 114 115 106 106 105 114 116 114 105 105 107 116 117 116 107 107 108 117 118 117 108 108 109 118 119 118 109 109 110 119 120 119 110 110 111 120 121 122 113 113 112 121 115 121 112 112 106 115 123 124 115 115 114 123 125 123 114 114 116 125 126 125 116 116 117 126 127 126 117 117 118 127 128 127 118 118 119 128 129 128 119 119 120 129 130 131 122 122 121 130 124 130 121 121 115 124 132 133 134 135 136 137 138 139 140 140 141 138 142 143 144 144 145 142 146 147 148 149 150 151 152 153 154 154 155 152 156 157 158 158 159 156 160 161 162 163 164 165 166 167 168 168 169 166 170 171 172 173 174 175 176 177 178 178 179 176 180 181 182 182 183 180 184 185 186 186 187 184 188 189 190 191 192 193 194 195 196 197 198 199 200 201 202 203 204 205 206 207 208 209 210 211 212 213 214 214 215 212 216 217 218 219 220 221 222 223 224 225 226 227 212 215 195 195 194 212 228 229 230 231 232 233 234 235 236 237 238 239 213 240 241 213 241 242 243 244 245 213 242 214 246 247 248 248 249 246 250 251 252 253 254 255 256 257 258 259 260 261 262 263 264 264 265 262 266 267 268 268 269 266 270 271 272 272 273 270 274 275 276 276 277 274 278 279 280 280 281 278 282 283 284 284 285 282 286 287 288 288 289 286 290 291 292 290 293 291 290 294 293 290 295 294 290 296 295 290 297 296 290 298 297 290 299 298 300 301 292 292 291 300 302 300 291 291 293 302 303 302 293 293 294 303 304 303 294 294 295 304 305 304 295 295 296 305 306 305 296 296 297 306 307 306 297 297 298 307 308 307 298 298 299 308 309 310 301 301 300 309 311 309 300 300 302 311 312 311 302 302 303 312 313 312 303 303 304 313 314 313 304 304 305 314 315 314 305 305 306 315 316 315 306 306 307 316 317 316 307 307 308 317 318 319 320 320 321 318 322 323 319 319 318 322 312 324 323 323 322 312 313 325 324 324 312 313 314 326 325 325 313 314 327 328 326 326 314 327 329 330 328 328 327 329 331 332 330 330 329 331 333 334 335 335 336 333 337 338 339 339 340 337 341 342 343 343 344 341 345 346 347 347 348 345 349 350 351 351 352 349 353 354 355 355 356 353 357 358 359 359 360 357 361 362 363 363 364 361 365 366 367 367 368 365 369 370 371 371 372 369 373 374 375 375 376 373 377 378 379 379 380 377 381 382 383 383 384 381 350 373 376 376 351 350 380 379 356 356 355 380 381 384 370 370 369 381 374 385 386 386 375 374 387 388 378 378 377 387 382 389 390 382 390 391 391 392 383 382 391 383 393 394 395 393 396 394 393 397 396 393 398 397 393 399 398 393 400 399 393 401 400 393 402 401 403 404 395 395 394 403 405 403 394 394 396 405 406 405 396 396 397 406 407 406 397 397 398 407 408 407 398 398 399 408 409 408 399 399 400 409 410 409 400 400 401 410 411 410 401 401 402 411 412 413 404 404 403 412 414 412 403 403 405 414 415 414 405 405 406 415 416 415 406 406 407 416 417 416 407 407 408 417 418 417 408 408 409 418 419 418 409 409 410 419 420 419 410 410 411 420 421 422 423 424 425 426 427 428 429 430 431 432 433 434 435 435 436 433 437 438 439 439 440 437 441 442 443 444 445 446 447 448 449 450 451 452 453 454 455 456 457 458 459 460 461 462 463 464 465 466 467 468 469 470 471 472 473 474 475 476 477 478 479 480 481 482 483 484 485 485 486 483 487 488 489 490 491 492 493 494 495 496 497 498 499 500 501 502 503 504 505 506 507 508 509 510 511 512 513 514 515 516 517 518 519 520 521 522 523 524 525 526 527 528 529 530 531 532 533 534 535 536 537 538 539 540 541 542 543 544 545 546 547 548 549 550 551 552 553 554 555 556 557 558 559 560 561 562 563 564 565 566 567 568 569 570 571 572 573 574 575 576 577 578 579 580 581 582 583 584 585 585 586 583 587 588 589 589 590 587 591 592 593 593 594 591 595 596 597 597 598 595 599 600 601 601 602 599 603 604 605 605 606 603 607 608 609 609 610 607 608 611 612 612 609 608 611 613 614 614 612 611 613 615 616 616 614 613 615 617 618 618 616 615 617 619 620 620 618 617 619 621 622 622 620 619 621 623 624 624 622 621 610 609 625 625 626 610 609 612 627 627 625 609 612 614 628 628 627 612 614 616 629 629 628 614 616 618 630 630 629 616 618 620 631 631 630 618 620 622 632 632 631 620 622 624 633 633 632 622 626 625 634 634 635 626 625 627 636 636 634 625 627 628 637 637 636 627 628 629 638 638 637 628 629 630 639 639 638 629 630 631 640 640 639 630 631 632 641 641 640 631 632 633 642 642 641 632 634 643 644 644 635 634 634 636 645 645 643 634 636 637 646 646 645 636 637 638 647 647 646 637 639 648 647 647 638 639 640 649 648 648 639 640 641 650 649 649 640 641 642 651 650 650 641 642 643 652 653 653 644 643 645 654 652 652 643 645 646 655 654 654 645 646 647 656 655 655 646 647 657 656 647 647 648 657 658 657 648 648 649 658 659 658 649 649 650 659 660 659 650 650 651 660 653 652 661 661 662 653 652 654 663 663 661 652 654 655 664 664 663 654 655 656 665 665 664 655 656 657 666 666 665 656 657 658 667 667 666 657 658 659 668 668 667 658 659 660 669 669 668 659 662 661 670 670 671 662 661 663 672 672 670 661 663 664 673 673 672 663 664 665 674 674 673 664 665 666 675 675 674 665 666 667 676 676 675 666 667 668 677 677 676 667 668 669 678 678 677 668 679 680 681 681 682 679 683 684 685 686 687 688 689 690 691 692 693 694 695 696 697 697 698 695 699 700 701 702 703 704 691 690 705 705 706 691 707 708 709 709 710 707 711 712 713 714 715 716 706 705 717 718 719 720 721 722 723 723 724 721 725 726 727 727 728 725 729 730 731 731 732 729 730 733 734 734 731 730 733 735 736 736 734 733 737 738 739 739 740 737 738 741 742 742 739 738 741 743 744 744 742 741 743 745 746 746 744 743 745 747 748 748 746 745 747 749 750 750 748 747 749 751 752 752 750 749 751 753 754 754 752 751 753 729 732 732 754 753 755 756 757 756 758 757 758 759 757 759 760 757 760 761 757 761 762 757 762 763 757 763 764 757 764 765 757 765 766 757 767 755 757 757 766 767 768 769 770 770 771 768 769 772 773 773 770 769 772 774 775 775 773 772 774 776 777 777 775 774 776 778 779 779 777 776 778 780 781 781 779 778 771 770 782 782 783 771 770 773 784 784 782 770 773 775 785 785 784 773 775 777 786 786 785 775 777 779 787 787 786 777 779 781 788 788 787 779 783 782 789 789 790 783 782 784 791 791 789 782 784 785 792 792 791 784 785 786 793 793 792 785 786 787 794 794 793 786 787 788 795 795 794 787 790 789 796 796 797 790 789 791 798 798 796 789 791 792 799 799 798 791 792 793 800 800 799 792 793 794 801 801 800 793 794 795 802 802 801 794 797 796 803 803 804 797 805 806 807 807 808 805 798 799 809 809 810 798 799 800 811 811 812 799 813 814 815 815 816 813 801 802 817 817 818 801 819 808 769 769 768 819 808 807 772 772 769 808 807 820 774 774 772 807 820 816 776 776 774 820 816 815 778 778 776 816 815 821 780 780 778 815 822 823 824 824 825 822 823 826 827 827 824 823 826 828 829 829 827 826 828 830 831 831 829 828 830 832 833 833 831 830 834 835 836 836 837 834 837 836 838 838 839 837 839 838 840 840 841 839 841 840 842 842 843 841 843 842 844 844 845 843 845 844 846 846 847 845 847 846 848 848 849 847 849 848 850 850 851 849 835 852 853 853 836 835 836 853 854 854 838 836 838 854 855 855 840 838 840 855 856 856 842 840 842 856 857 857 844 842 844 857 858 858 846 844 846 858 859 859 848 846 848 859 860 860 850 848 852 861 862 862 853 852 853 862 863 863 854 853 854 863 864 864 855 854 855 864 865 865 856 855 856 865 866 866 857 856 857 866 867 867 858 857 858 867 868 868 859 858 859 868 869 869 860 859 862 861 870 870 871 862 862 871 872 872 863 862 863 872 873 873 864 863 864 873 874 874 865 864 866 865 874 874 875 866 867 866 875 875 876 867 868 867 876 876 877 868 869 868 877 877 878 869 871 870 879 879 880 871 872 871 880 880 881 872 873 872 881 881 882 873 874 873 882 882 883 874 884 875 874 874 883 884 885 876 875 875 884 885 886 877 876 876 885 886 887 878 877 877 886 887 879 888 889 889 880 879 880 889 890 890 881 880 881 890 891 891 882 881 882 891 892 892 883 882 883 892 893 893 884 883 884 893 894 894 885 884 885 894 895 895 886 885 886 895 896 896 887 886 888 897 898 898 889 888 889 898 899 899 890 889 890 899 900 900 891 890 891 900 901 901 892 891 892 901 902 902 893 892 893 902 903 903 894 893 894 903 904 904 895 894 895 904 905 905 896 895 906 907 908 908 909 906 910 911 912 913 914 915 916 917 918 919 920 921 922 923 924 925 926 927 928 929 930 931 932 933 919 934 935 935 920 919 936 937 938 938 939 936 940 941 942 943 944 945 934 946 947 947 935 934 948 949 950 950 951 948 952 953 954 954 955 952 956 957 958 958 959 956 959 958 960 960 961 959 961 960 962 962 963 961 964 965 966 966 967 964 967 966 968 968 969 967 969 968 970 970 971 969 971 970 972 972 973 971 973 972 974 974 975 973 975 974 976 976 977 975 977 976 978 978 979 977 979 978 980 980 981 979 981 980 957 957 956 981 982 983 984 984 983 985 985 983 986 986 983 987 987 983 988 988 983 989 989 983 990 990 983 991 991 983 992 992 983 993 994 993 983 983 982 994 995 996 997 997 998 995 998 997 999 999 1000 998 1000 999 1001 1001 1002 1000 1002 1001 1003 1003 1004 1002 1004 1003 1005 1005 1006 1004 1006 1005 1007 1007 1008 1006 996 1009 1010 1010 997 996 997 1010 1011 1011 999 997 999 1011 1012 1012 1001 999 1001 1012 1013 1013 1003 1001 1003 1013 1014 1014 1005 1003 1005 1014 1015 1015 1007 1005 1009 1016 1017 1017 1010 1009 1010 1017 1018 1018 1011 1010 1011 1018 1019 1019 1012 1011 1012 1019 1020 1020 1013 1012 1013 1020 1021 1021 1014 1013 1014 1021 1022 1022 1015 1014 1016 1023 1024 1024 1017 1016 1017 1024 1025 1025 1018 1017 1018 1025 1026 1026 1019 1018 1019 1026 1027 1027 1020 1019 1020 1027 1028 1028 1021 1020 1021 1028 1029 1029 1022 1021 1023 1030 1031 1031 1024 1023 1032 1033 1034 1034 1035 1032 1025 1036 1037 1037 1026 1025 1026 1038 1039 1039 1027 1026 1040 1041 1042 1042 1043 1040 1028 1044 1045 1045 1029 1028 1046 995 998 998 1033 1046 1033 998 1000 1000 1034 1033 1034 1000 1002 1002 1047 1034 1047 1002 1004 1004 1041 1047 1041 1004 1006 1006 1042 1041 1042 1006 1008 1008 1048 1042 1049 1050 1051 1051 1052 1049 1052 1051 1053 1053 1054 1052 1054 1053 1055 1055 1056 1054 1056 1055 1057 1057 1058 1056 1058 1057 1059 1059 1060 1058 </p>
        </polylist>
      </mesh>
    </geometry>
  </library_geometries>
  <library_visual_scenes>
    <visual_scene id="root" name="root">
      <node id="Object018" name="Object018">
        <matrix>1 0 0 0 0 1 0 0 0 0 1 0 0 0 0 1</matrix>
        <instance_geometry url="#meshId0">
          <bind_material>
            <technique_common>
              <instance_material symbol="defaultMaterial" target="#01___Default" />
            </technique_common>
          </bind_material>
        </instance_geometry>
      </node>
    </visual_scene>
  </library_visual_scenes>
  <scene>
    <instance_visual_scene url="#root" />
  </scene>
</COLLADA>
